Percentile	0.0	25.0	50.0	75.0	100.0	0.0	25.0	50.0	75.0	100.0	0.0	25.0	50.0	75.0	100.0	0.0	25.0	50.0	75.0	100.0
Group	T1	T1	T1	T1	T1	T2	T2	T2	T2	T2	T3	T3	T3	T3	T3	T4	T4	T4	T4	T4
k__Fungi;__;__;__;__;__	54.0	1446.75	2917.5	4365.5	7170.0	1374.0	1903.75	2389.0	2729.25	6257.0	1.0	835.0	1473.0	1664.25	3717.0	1.0	759.5	1260.0	1790.0	4235.0
k__Fungi;p__Aphelidiomycota;c__Aphelidiomycetes;o__GS16;f__unidentified;g__unidentified	1.0	1.0	1.0	2.0	23.0	1.0	1.0	1.0	2.0	11.0	1.0	1.0	1.0	1.0	8.0	1.0	1.0	1.0	2.25	21.0
k__Fungi;p__Ascomycota;__;__;__;__	1.0	8.5	27.0	91.25	605.0	1.0	6.0	11.0	30.25	175.0	1.0	3.25	8.0	142.5	1459.0	4.0	12.5	21.5	28.25	294.0
k__Fungi;p__Ascomycota;c__Dothideomycetes;__;__;__	1.0	1.0	1.0	1.0	4209.0	1.0	1.0	1.0	1.0	1.0	1.0	1.0	1.0	1.0	49.0	1.0	1.0	1.0	5.5	33.0
k__Fungi;p__Ascomycota;c__Dothideomycetes;o__Botryosphaeriales;f__Botryosphaeriaceae;g__Macrophomina	1.0	1.0	1.0	1.0	15.0	1.0	3.25	13.0	24.25	254.0	1.0	1.0	1.0	1.0	7.0	1.0	4.75	9.0	26.0	47.0
k__Fungi;p__Ascomycota;c__Dothideomycetes;o__Capnodiales;f__Cladosporiaceae;g__Cladosporium	52.0	287.25	442.5	593.0	1177.0	144.0	255.25	291.0	532.25	1259.0	1.0	80.5	126.5	630.0	1091.0	17.0	208.0	264.0	400.75	681.0
k__Fungi;p__Ascomycota;c__Dothideomycetes;o__Capnodiales;f__Mycosphaerellaceae;g__Mycosphaerella	1.0	1.0	1.0	2.25	20.0	1.0	1.0	1.0	1.5	16.0	1.0	1.0	1.0	1.0	11.0	1.0	1.0	1.0	1.0	1.0
k__Fungi;p__Ascomycota;c__Dothideomycetes;o__Capnodiales;f__Mycosphaerellaceae;g__Septoria	1.0	22.25	37.0	69.0	291.0	27.0	48.75	90.5	154.25	312.0	1.0	33.25	104.0	163.75	266.0	1.0	72.5	112.5	228.5	393.0
k__Fungi;p__Ascomycota;c__Dothideomycetes;o__Capnodiales;f__Mycosphaerellaceae;g__Zymoseptoria	1.0	1.0	1.0	1.0	1.0	1.0	1.0	1.0	1.0	6.0	1.0	1.0	1.0	1.0	1.0	1.0	1.0	1.0	1.0	1.0
k__Fungi;p__Ascomycota;c__Dothideomycetes;o__Capnodiales;f__Teratosphaeriaceae;g__unidentified	1.0	1.0	1.0	1.0	8.0	1.0	1.0	1.0	1.0	1.0	1.0	1.0	1.0	1.0	1.0	1.0	1.0	1.0	1.0	1.0
k__Fungi;p__Ascomycota;c__Dothideomycetes;o__Dothideales;f__Aureobasidiaceae;g__Aureobasidium	1.0	1.0	1.0	1.0	1.0	1.0	1.0	1.0	1.0	1.0	1.0	1.0	1.0	1.0	1.0	1.0	1.0	1.0	1.0	3.0
k__Fungi;p__Ascomycota;c__Dothideomycetes;o__Minutisphaerales;f__Minutisphaeraceae;g__Minutisphaera	1.0	1.0	1.0	1.0	4.0	1.0	1.0	1.0	1.0	1.0	1.0	1.0	1.0	1.0	1.0	1.0	1.0	1.0	1.0	1.0
k__Fungi;p__Ascomycota;c__Dothideomycetes;o__Pleosporales;__;__	26.0	284.5	761.5	1090.0	1610.0	237.0	391.5	509.0	700.0	1374.0	1.0	286.0	427.0	913.5	2417.0	5.0	286.75	668.0	1234.5	1906.0
k__Fungi;p__Ascomycota;c__Dothideomycetes;o__Pleosporales;f__Coniothyriaceae;g__Coniothyrium	1.0	10.75	31.0	41.5	57.0	1.0	23.25	54.5	78.75	182.0	1.0	13.75	23.0	47.5	132.0	1.0	25.0	40.0	58.25	107.0
k__Fungi;p__Ascomycota;c__Dothideomycetes;o__Pleosporales;f__Corynesporascaceae;g__Corynespora	1.0	293.0	625.5	1400.25	9881.0	983.0	2186.25	3103.5	4348.5	11125.0	97.0	794.5	3256.5	8442.25	10939.0	214.0	3476.25	5271.0	7319.75	12190.0
k__Fungi;p__Ascomycota;c__Dothideomycetes;o__Pleosporales;f__Cucurbitariaceae;g__Pyrenochaetopsis	1.0	30.75	53.0	79.25	178.0	14.0	54.25	89.5	137.5	184.0	1.0	1.0	17.5	32.5	125.0	1.0	1.0	1.0	11.0	34.0
k__Fungi;p__Ascomycota;c__Dothideomycetes;o__Pleosporales;f__Cucurbitariaceae;g__unidentified	1.0	1.0	1.0	1.0	20.0	1.0	1.0	1.0	1.0	1.0	1.0	1.0	1.0	1.0	1.0	1.0	1.0	1.0	1.0	3.0
k__Fungi;p__Ascomycota;c__Dothideomycetes;o__Pleosporales;f__Dictyosporiaceae;g__Dictyosporium	1.0	1.0	2.5	17.75	22.0	1.0	2.5	9.0	18.0	53.0	1.0	1.0	6.0	9.75	28.0	1.0	1.0	1.0	1.0	3.0
k__Fungi;p__Ascomycota;c__Dothideomycetes;o__Pleosporales;f__Dictyosporiaceae;g__unidentified	1.0	1.0	1.0	1.0	1.0	1.0	1.0	1.0	1.0	5.0	1.0	1.0	1.0	1.0	1.0	1.0	1.0	1.0	1.0	1.0
k__Fungi;p__Ascomycota;c__Dothideomycetes;o__Pleosporales;f__Didymellaceae;__	1.0	75.75	103.0	162.25	182.0	59.0	68.25	124.5	233.0	397.0	1.0	22.0	65.0	180.75	325.0	1.0	63.75	127.5	153.75	400.0
k__Fungi;p__Ascomycota;c__Dothideomycetes;o__Pleosporales;f__Didymellaceae;g__Neoascochyta	1.0	1.0	13.5	56.25	327.0	1.0	1.0	11.5	39.25	123.0	1.0	1.0	1.0	1.0	26.0	1.0	1.0	5.0	13.0	15.0
k__Fungi;p__Ascomycota;c__Dothideomycetes;o__Pleosporales;f__Didymellaceae;g__Peyronellaea	1.0	154.5	215.0	308.25	420.0	78.0	186.5	228.0	269.75	852.0	1.0	78.25	148.5	301.5	603.0	20.0	185.75	239.0	304.0	711.0
k__Fungi;p__Ascomycota;c__Dothideomycetes;o__Pleosporales;f__Didymellaceae;g__unidentified	1.0	22.5	42.5	63.25	109.0	13.0	15.5	58.5	103.25	208.0	1.0	14.0	44.5	86.75	378.0	1.0	25.75	59.5	84.75	233.0
k__Fungi;p__Ascomycota;c__Dothideomycetes;o__Pleosporales;f__Didymosphaeriaceae;g__Didymosphaeria	1.0	1.0	1.0	1.0	4.0	1.0	1.0	1.0	1.0	1.0	1.0	1.0	1.0	1.0	24.0	1.0	1.0	1.0	1.0	1.0
k__Fungi;p__Ascomycota;c__Dothideomycetes;o__Pleosporales;f__Didymosphaeriaceae;g__Montagnula	1.0	1.0	1.0	1.0	3.0	1.0	1.0	1.0	1.0	1.0	1.0	1.0	1.0	1.0	1.0	1.0	1.0	1.0	1.0	1.0
k__Fungi;p__Ascomycota;c__Dothideomycetes;o__Pleosporales;f__Didymosphaeriaceae;g__Paraphaeosphaeria	1.0	1.0	1.0	1.0	1.0	1.0	1.0	1.0	1.0	20.0	1.0	1.0	1.0	1.0	1.0	1.0	1.0	1.0	1.0	1.0
k__Fungi;p__Ascomycota;c__Dothideomycetes;o__Pleosporales;f__Didymosphaeriaceae;g__Pseudopithomyces	1.0	1.0	1.0	1.0	4.0	1.0	1.0	1.0	1.0	5.0	1.0	1.0	1.0	1.0	1.0	1.0	1.0	1.0	1.0	1.0
k__Fungi;p__Ascomycota;c__Dothideomycetes;o__Pleosporales;f__Didymosphaeriaceae;g__Verrucoconiothyrium	1.0	151.5	216.5	260.75	536.0	44.0	112.75	172.5	293.25	579.0	1.0	44.75	120.5	326.5	1325.0	12.0	97.5	147.5	191.75	228.0
k__Fungi;p__Ascomycota;c__Dothideomycetes;o__Pleosporales;f__Lentitheciaceae;g__Murilentithecium	1.0	1.0	1.0	1.0	1.0	1.0	1.0	1.0	1.0	6.0	1.0	1.0	1.0	1.0	9.0	1.0	1.0	1.0	1.0	1.0
k__Fungi;p__Ascomycota;c__Dothideomycetes;o__Pleosporales;f__Lentitheciaceae;g__unidentified	1.0	1.0	1.0	1.0	8.0	1.0	1.0	1.0	1.0	1.0	1.0	1.0	1.0	1.0	1.0	1.0	1.0	1.0	1.0	1.0
k__Fungi;p__Ascomycota;c__Dothideomycetes;o__Pleosporales;f__Leptosphaeriaceae;g__Leptosphaeria	1.0	1.0	1.0	27.75	119.0	1.0	1.0	1.0	23.0	31.0	1.0	1.0	5.5	31.25	183.0	1.0	36.75	80.0	309.25	6628.0
k__Fungi;p__Ascomycota;c__Dothideomycetes;o__Pleosporales;f__Leptosphaeriaceae;g__Plenodomus	1.0	1.0	6.5	35.0	62.0	1.0	6.25	10.5	44.0	73.0	1.0	1.0	1.0	1.0	91.0	1.0	1.0	1.0	1.75	14.0
k__Fungi;p__Ascomycota;c__Dothideomycetes;o__Pleosporales;f__Melanommataceae;g__Melanodiplodia	1.0	7.5	91.5	164.0	493.0	14.0	28.25	36.0	53.0	121.0	1.0	1.0	6.0	19.5	49.0	1.0	7.75	14.0	39.25	269.0
k__Fungi;p__Ascomycota;c__Dothideomycetes;o__Pleosporales;f__Melanommataceae;g__unidentified	1.0	1.0	1.0	1.0	80.0	1.0	1.0	1.0	1.0	32.0	1.0	1.0	1.0	1.0	1.0	1.0	1.0	1.0	1.0	1.0
k__Fungi;p__Ascomycota;c__Dothideomycetes;o__Pleosporales;f__Morosphaeriaceae;g__Acrocalymma	1.0	1.0	1.0	1.0	1.0	1.0	1.0	1.0	1.0	1.0	1.0	1.0	1.0	1.0	1.0	1.0	1.0	1.0	1.0	6.0
k__Fungi;p__Ascomycota;c__Dothideomycetes;o__Pleosporales;f__Periconiaceae;g__Periconia	1.0	10.75	17.5	29.0	38.0	11.0	19.75	31.5	43.75	168.0	1.0	3.25	11.5	29.0	66.0	1.0	8.75	12.5	49.25	70.0
k__Fungi;p__Ascomycota;c__Dothideomycetes;o__Pleosporales;f__Phaeosphaeriaceae;__	1.0	1.0	31.5	50.5	146.0	1.0	1.0	21.5	49.25	77.0	1.0	8.5	18.5	39.0	330.0	1.0	9.25	14.5	21.25	38.0
k__Fungi;p__Ascomycota;c__Dothideomycetes;o__Pleosporales;f__Phaeosphaeriaceae;g__Chaetosphaeronema	1.0	1.0	1.0	1.0	10.0	1.0	1.0	1.0	1.0	8.0	1.0	1.0	1.0	3.75	47.0	1.0	1.0	8.5	25.25	75.0
k__Fungi;p__Ascomycota;c__Dothideomycetes;o__Pleosporales;f__Phaeosphaeriaceae;g__Leptospora	1.0	1.0	7.5	18.25	54.0	1.0	8.75	14.5	21.75	26.0	1.0	1.0	11.5	33.25	340.0	1.0	7.0	11.5	21.25	81.0
k__Fungi;p__Ascomycota;c__Dothideomycetes;o__Pleosporales;f__Phaeosphaeriaceae;g__Neosetophoma	1.0	13.75	28.5	42.5	69.0	1.0	38.75	59.5	83.0	129.0	1.0	12.25	35.5	55.75	654.0	1.0	22.25	42.0	77.25	124.0
k__Fungi;p__Ascomycota;c__Dothideomycetes;o__Pleosporales;f__Phaeosphaeriaceae;g__Ophiosphaerella	1.0	1.0	1.0	1.0	9.0	1.0	1.0	1.0	2.0	13.0	1.0	1.0	1.0	1.0	9.0	1.0	1.0	1.0	1.0	12.0
k__Fungi;p__Ascomycota;c__Dothideomycetes;o__Pleosporales;f__Phaeosphaeriaceae;g__Paraphoma	1.0	1.0	1.0	1.0	1.0	1.0	1.0	1.0	1.0	12.0	1.0	1.0	1.0	1.0	1.0	1.0	1.0	1.0	1.0	1.0
k__Fungi;p__Ascomycota;c__Dothideomycetes;o__Pleosporales;f__Phaeosphaeriaceae;g__Phaeosphaeria	1.0	1.0	5.5	9.0	38.0	1.0	1.0	2.5	24.75	161.0	1.0	1.0	1.0	8.0	17.0	1.0	1.0	1.0	1.0	25.0
k__Fungi;p__Ascomycota;c__Dothideomycetes;o__Pleosporales;f__Phaeosphaeriaceae;g__Sclerostagonospora	1.0	1.0	7.0	17.5	33.0	1.0	1.0	7.0	15.25	72.0	1.0	1.0	1.0	10.0	38.0	1.0	7.25	12.0	20.75	52.0
k__Fungi;p__Ascomycota;c__Dothideomycetes;o__Pleosporales;f__Phaeosphaeriaceae;g__Setophoma	1.0	36.25	109.5	203.0	673.0	50.0	80.75	123.5	155.5	429.0	1.0	49.75	98.0	243.0	441.0	1.0	88.75	112.5	157.25	996.0
k__Fungi;p__Ascomycota;c__Dothideomycetes;o__Pleosporales;f__Phaeosphaeriaceae;g__unidentified	1.0	1.0	3.5	8.75	26.0	1.0	1.0	7.0	15.25	36.0	1.0	1.0	14.0	28.75	160.0	1.0	2.5	11.0	23.5	133.0
k__Fungi;p__Ascomycota;c__Dothideomycetes;o__Pleosporales;f__Pleomassariaceae;g__Tumularia	1.0	9.75	40.5	81.75	203.0	13.0	19.75	29.5	58.5	137.0	1.0	1.0	1.0	5.5	46.0	1.0	1.0	1.0	3.0	1079.0
k__Fungi;p__Ascomycota;c__Dothideomycetes;o__Pleosporales;f__Pleomassariaceae;g__unidentified	1.0	1.0	1.0	14.25	7782.0	1.0	1.0	1.0	1.0	1.0	1.0	1.0	1.0	1.0	1.0	1.0	1.0	1.0	1.0	1.0
k__Fungi;p__Ascomycota;c__Dothideomycetes;o__Pleosporales;f__Pleosporaceae;g__Alternaria	1.0	76.75	130.5	221.25	304.0	64.0	85.5	174.5	331.75	497.0	1.0	66.5	117.0	306.75	554.0	18.0	108.5	137.5	194.75	338.0
k__Fungi;p__Ascomycota;c__Dothideomycetes;o__Pleosporales;f__Pleosporaceae;g__Bipolaris	1.0	1.0	1.0	7.5	14.0	1.0	1.0	1.0	2.0	15.0	1.0	1.0	1.0	2.5	11.0	1.0	1.0	1.0	6.25	16.0
k__Fungi;p__Ascomycota;c__Dothideomycetes;o__Pleosporales;f__Pleosporaceae;g__Curvularia	1.0	1.0	3.0	9.5	15.0	1.0	1.0	1.0	4.5	15.0	1.0	1.0	1.0	2.75	23.0	1.0	1.0	3.0	10.0	21.0
k__Fungi;p__Ascomycota;c__Dothideomycetes;o__Pleosporales;f__Pleosporaceae;g__Dendryphiella	1.0	3.25	6.0	7.5	20.0	1.0	1.0	1.0	2.0	23.0	1.0	1.0	1.0	1.0	6.0	1.0	1.0	1.0	1.0	1.0
k__Fungi;p__Ascomycota;c__Dothideomycetes;o__Pleosporales;f__Pleosporaceae;g__Exserohilum	1.0	1.0	1.0	1.0	7.0	1.0	1.0	1.0	1.75	8.0	1.0	1.0	1.0	1.0	4.0	1.0	1.0	1.0	1.0	1.0
k__Fungi;p__Ascomycota;c__Dothideomycetes;o__Pleosporales;f__Pleosporaceae;g__Stemphylium	1.0	1.0	1.0	1.0	5.0	1.0	1.0	1.0	1.0	1.0	1.0	1.0	1.0	1.0	1.0	1.0	1.0	1.0	1.0	5.0
k__Fungi;p__Ascomycota;c__Dothideomycetes;o__Pleosporales;f__Pleosporaceae;g__unidentified	1.0	1.0	1.0	1.0	7.0	1.0	1.0	1.0	1.0	1.0	1.0	1.0	1.0	1.0	1.0	1.0	1.0	1.0	1.0	5.0
k__Fungi;p__Ascomycota;c__Dothideomycetes;o__Pleosporales;f__Pleosporales_fam_Incertae_sedis;g__Chalastospora	1.0	1.0	1.0	1.0	6.0	1.0	1.0	1.0	1.0	1.0	1.0	1.0	1.0	1.0	1.0	1.0	1.0	1.0	1.0	6.0
k__Fungi;p__Ascomycota;c__Dothideomycetes;o__Pleosporales;f__Pleosporales_fam_Incertae_sedis;g__Pseudorobillarda	1.0	35.0	59.5	173.75	1759.0	20.0	33.0	56.5	107.25	190.0	1.0	21.0	55.0	166.25	12742.0	1.0	37.0	52.5	103.0	183.0
k__Fungi;p__Ascomycota;c__Dothideomycetes;o__Pleosporales;f__Sporormiaceae;g__Preussia	1.0	1.0	1.0	1.0	9.0	1.0	1.0	1.0	1.0	17.0	1.0	1.0	1.0	1.0	32.0	1.0	1.0	1.0	17.5	935.0
k__Fungi;p__Ascomycota;c__Dothideomycetes;o__Pleosporales;f__Sporormiaceae;g__Westerdykella	1.0	1.0	1.0	1.0	1.0	1.0	1.0	1.0	1.0	5.0	1.0	1.0	1.0	1.0	1.0	1.0	1.0	1.0	1.0	1.0
k__Fungi;p__Ascomycota;c__Dothideomycetes;o__Pleosporales;f__Tetraplosphaeriaceae;g__Tetraplosphaeria	1.0	1.0	1.0	5.0	243.0	1.0	1.0	8.0	18.75	30.0	1.0	1.0	3.0	7.75	20.0	1.0	1.0	1.0	1.0	1.0
k__Fungi;p__Ascomycota;c__Dothideomycetes;o__Pleosporales;f__Thyridariaceae;g__Roussoella	1.0	1.0	1.0	1.75	14.0	1.0	1.0	1.0	1.0	36.0	1.0	1.0	1.0	1.0	17.0	1.0	1.0	1.0	1.0	6.0
k__Fungi;p__Ascomycota;c__Dothideomycetes;o__Pleosporales;f__Torulaceae;g__Dendryphion	1.0	122.0	198.5	325.0	1249.0	29.0	104.5	199.5	475.25	1087.0	1.0	90.0	170.5	335.0	594.0	1.0	28.5	60.0	121.0	674.0
k__Fungi;p__Ascomycota;c__Dothideomycetes;o__Pleosporales;f__Torulaceae;g__Torula	16.0	129.75	151.5	196.25	540.0	12.0	50.25	146.0	209.0	299.0	1.0	1.0	32.5	122.25	257.0	8.0	17.75	52.5	91.25	549.0
k__Fungi;p__Ascomycota;c__Dothideomycetes;o__Pleosporales;f__unidentified;g__unidentified	1.0	1.0	1.0	1.0	1.0	1.0	1.0	1.0	1.0	1.0	1.0	1.0	1.0	1.0	7.0	1.0	1.0	1.0	1.0	1.0
k__Fungi;p__Ascomycota;c__Dothideomycetes;o__Tubeufiales;f__Tubeufiaceae;g__Helicosporium	1.0	1.0	1.0	1.0	1.0	1.0	1.0	1.0	1.0	6.0	1.0	1.0	1.0	1.0	1.0	1.0	1.0	1.0	1.0	1.0
k__Fungi;p__Ascomycota;c__Dothideomycetes;o__Tubeufiales;f__Tubeufiaceae;g__unidentified	1.0	1.0	1.0	1.0	5.0	1.0	1.0	1.0	1.0	1.0	1.0	1.0	1.0	1.0	1.0	1.0	1.0	1.0	1.0	1.0
k__Fungi;p__Ascomycota;c__Dothideomycetes;o__Venturiales;f__Sympoventuriaceae;g__Scolecobasidium	1.0	1.0	1.0	1.0	1.0	1.0	1.0	1.0	1.0	3.0	1.0	1.0	1.0	1.0	1.0	1.0	1.0	1.0	1.0	1.0
k__Fungi;p__Ascomycota;c__Eurotiomycetes;o__Chaetothyriales;__;__	1.0	1.0	1.0	1.0	5.0	1.0	1.0	1.0	1.0	1.0	1.0	1.0	1.0	1.0	1.0	1.0	1.0	1.0	1.0	5.0
k__Fungi;p__Ascomycota;c__Eurotiomycetes;o__Chaetothyriales;f__Chaetothyriaceae;g__unidentified	1.0	1.0	1.0	1.0	1.0	1.0	1.0	1.0	1.0	81.0	1.0	1.0	1.0	1.0	1.0	1.0	1.0	1.0	1.0	1.0
k__Fungi;p__Ascomycota;c__Eurotiomycetes;o__Chaetothyriales;f__Cyphellophoraceae;g__Cyphellophora	1.0	9.25	22.5	44.5	193.0	1.0	5.5	15.5	20.0	99.0	1.0	4.0	18.0	37.5	191.0	1.0	1.0	2.5	8.0	26.0
k__Fungi;p__Ascomycota;c__Eurotiomycetes;o__Chaetothyriales;f__Herpotrichiellaceae;__	1.0	3.25	8.0	11.5	51.0	1.0	4.75	12.5	45.0	170.0	1.0	1.0	11.0	43.75	202.0	1.0	2.5	11.5	17.25	27.0
k__Fungi;p__Ascomycota;c__Eurotiomycetes;o__Chaetothyriales;f__Herpotrichiellaceae;g__Cladophialophora	1.0	1.0	29.0	39.5	57.0	1.0	1.0	21.0	40.0	59.0	1.0	1.0	1.0	15.75	122.0	1.0	1.0	11.5	26.25	44.0
k__Fungi;p__Ascomycota;c__Eurotiomycetes;o__Chaetothyriales;f__Herpotrichiellaceae;g__Exophiala	5.0	89.5	134.0	184.5	304.0	30.0	158.5	228.0	361.5	484.0	1.0	58.5	106.0	279.25	1171.0	6.0	48.75	79.5	128.5	165.0
k__Fungi;p__Ascomycota;c__Eurotiomycetes;o__Chaetothyriales;f__Herpotrichiellaceae;g__Rhinocladiella	1.0	1.0	1.0	1.0	1.0	1.0	1.0	1.0	1.0	4.0	1.0	1.0	1.0	1.0	1.0	1.0	1.0	1.0	1.0	1.0
k__Fungi;p__Ascomycota;c__Eurotiomycetes;o__Chaetothyriales;f__Herpotrichiellaceae;g__unidentified	1.0	1.0	1.0	12.0	99.0	1.0	2.5	9.5	48.25	100.0	1.0	1.0	1.0	12.5	78.0	1.0	1.0	3.5	17.5	499.0
k__Fungi;p__Ascomycota;c__Eurotiomycetes;o__Chaetothyriales;f__Trichomeriaceae;g__Knufia	1.0	1.0	1.0	1.0	1.0	1.0	1.0	1.0	1.0	24.0	1.0	1.0	1.0	1.0	1.0	1.0	1.0	1.0	1.0	1.0
k__Fungi;p__Ascomycota;c__Eurotiomycetes;o__Eurotiales;f__Aspergillaceae;__	1.0	1.0	5.0	8.25	16.0	1.0	1.0	1.0	2.75	10.0	1.0	1.0	1.0	9.25	42.0	1.0	1.0	1.0	4.5	7.0
k__Fungi;p__Ascomycota;c__Eurotiomycetes;o__Eurotiales;f__Aspergillaceae;g__Aspergillus	1.0	1.0	1.0	11.0	12.0	1.0	2.5	7.0	10.25	47.0	1.0	1.0	1.0	1.0	13.0	1.0	1.0	1.0	1.0	17.0
k__Fungi;p__Ascomycota;c__Eurotiomycetes;o__Eurotiales;f__Aspergillaceae;g__Penicillium	1.0	12.75	21.0	29.25	67.0	1.0	11.5	13.0	19.75	37.0	1.0	1.0	7.5	27.75	54.0	1.0	1.0	2.5	23.75	33.0
k__Fungi;p__Ascomycota;c__Eurotiomycetes;o__Eurotiales;f__Trichocomaceae;g__Sagenomella	1.0	1.0	4.0	8.0	14.0	1.0	1.0	6.5	12.0	17.0	1.0	1.0	1.0	1.0	9.0	1.0	1.0	1.0	1.0	8.0
k__Fungi;p__Ascomycota;c__Eurotiomycetes;o__Eurotiales;f__Trichocomaceae;g__Talaromyces	1.0	3.25	13.0	33.75	84.0	1.0	4.75	5.0	12.75	34.0	1.0	1.0	3.5	29.5	202.0	1.0	1.0	3.5	15.25	51.0
k__Fungi;p__Ascomycota;c__Eurotiomycetes;o__Onygenales;f__Gymnoascaceae;g__Gymnoascus	1.0	1.0	1.0	1.0	1.0	1.0	1.0	1.0	1.0	1.0	1.0	1.0	1.0	1.0	1.0	1.0	1.0	1.0	1.0	7.0
k__Fungi;p__Ascomycota;c__Leotiomycetes;o__Helotiales;__;__	1.0	20.75	36.0	64.5	180.0	1.0	7.0	12.0	24.5	30.0	1.0	14.5	25.0	41.25	200.0	8.0	91.5	243.5	387.5	561.0
k__Fungi;p__Ascomycota;c__Leotiomycetes;o__Helotiales;f__Dermateaceae;g__Mollisia	1.0	1.0	1.0	1.0	1.0	1.0	1.0	1.0	1.0	5.0	1.0	1.0	1.0	1.0	9.0	1.0	1.0	1.0	1.0	1.0
k__Fungi;p__Ascomycota;c__Leotiomycetes;o__Helotiales;f__Helotiaceae;__	1.0	1.0	5.5	10.5	44.0	1.0	1.0	1.0	5.0	14.0	1.0	1.0	1.0	1.0	3.0	1.0	1.0	1.0	1.75	21.0
k__Fungi;p__Ascomycota;c__Leotiomycetes;o__Helotiales;f__Helotiaceae;g__Articulospora	1.0	1.0	1.0	2.25	30.0	1.0	1.0	5.5	8.5	14.0	1.0	1.0	1.0	1.0	57.0	1.0	1.0	1.0	1.0	5.0
k__Fungi;p__Ascomycota;c__Leotiomycetes;o__Helotiales;f__Helotiaceae;g__Hymenoscyphus	1.0	9.25	262.5	764.25	2421.0	1.0	1.0	15.0	70.0	501.0	1.0	1.0	1.0	138.0	746.0	1.0	1.0	1.0	7.5	754.0
k__Fungi;p__Ascomycota;c__Leotiomycetes;o__Helotiales;f__Helotiaceae;g__Infundichalara	1.0	1.0	1.0	1.0	5.0	1.0	1.0	1.0	1.0	1.0	1.0	1.0	1.0	1.0	1.0	1.0	1.0	1.0	1.0	6.0
k__Fungi;p__Ascomycota;c__Leotiomycetes;o__Helotiales;f__Helotiaceae;g__Scytalidium	1.0	1.0	1.0	1.0	30.0	1.0	1.0	3.0	6.0	7.0	1.0	1.0	1.0	1.5	15.0	1.0	1.0	1.0	6.5	15.0
k__Fungi;p__Ascomycota;c__Leotiomycetes;o__Helotiales;f__Helotiaceae;g__Tetracladium	1.0	2.5	7.5	18.75	26.0	1.0	7.0	12.5	29.5	56.0	1.0	1.0	7.5	16.0	29.0	1.0	12.0	17.0	37.5	94.0
k__Fungi;p__Ascomycota;c__Leotiomycetes;o__Helotiales;f__Helotiales_fam_Incertae_sedis;g__Cadophora	1.0	1.0	1.0	1.0	51.0	1.0	1.0	1.0	1.0	1.0	1.0	1.0	1.0	1.0	19.0	1.0	1.0	1.0	2.0	10.0
k__Fungi;p__Ascomycota;c__Leotiomycetes;o__Helotiales;f__Helotiales_fam_Incertae_sedis;g__Mycoarthris	1.0	13.75	22.5	49.25	2026.0	1.0	7.5	13.0	23.5	58.0	1.0	1.0	1.0	11.0	21.0	1.0	1.0	9.0	25.25	115.0
k__Fungi;p__Ascomycota;c__Leotiomycetes;o__Helotiales;f__Hyaloscyphaceae;g__Arachnopeziza	1.0	1.0	1.0	1.0	1.0	1.0	1.0	1.0	1.0	1.0	1.0	1.0	1.0	1.0	3.0	1.0	1.0	1.0	1.0	1.0
k__Fungi;p__Ascomycota;c__Leotiomycetes;o__Helotiales;f__Hyaloscyphaceae;g__Cistella	1.0	1.0	1.0	10.25	16.0	1.0	1.0	1.0	1.0	1.0	1.0	1.0	1.0	1.0	1.0	1.0	1.0	1.0	1.0	1.0
k__Fungi;p__Ascomycota;c__Leotiomycetes;o__Helotiales;f__Hyaloscyphaceae;g__Lachnum	1.0	1.0	1.0	3.25	81.0	1.0	1.0	2.5	30.75	249.0	1.0	1.0	1.0	1.0	6.0	1.0	1.0	1.0	1.0	49.0
k__Fungi;p__Ascomycota;c__Leotiomycetes;o__Helotiales;f__Leotiaceae;g__Neobulgaria	1.0	1.0	1.0	2.0	13.0	1.0	1.0	1.0	1.0	13.0	1.0	1.0	1.0	1.0	1.0	1.0	1.0	1.0	1.0	1.0
k__Fungi;p__Ascomycota;c__Leotiomycetes;o__Helotiales;f__Myxotrichaceae;g__Oidiodendron	1.0	1.0	1.0	4.0	7.0	1.0	1.0	1.0	1.75	10.0	1.0	1.0	1.0	1.0	15.0	1.0	1.0	1.0	3.25	11.0
k__Fungi;p__Ascomycota;c__Leotiomycetes;o__Helotiales;f__Sclerotiniaceae;g__Pycnopeziza	1.0	3.25	9.5	46.25	981.0	1.0	1.0	1.0	7.25	113.0	1.0	1.0	1.0	7.25	28.0	1.0	1.0	1.0	2.25	14.0
k__Fungi;p__Ascomycota;c__Leotiomycetes;o__Helotiales;f__Vibrisseaceae;g__Phialocephala	1.0	1.0	19.5	40.75	79.0	1.0	1.0	1.0	20.75	57.0	1.0	1.0	1.0	8.25	130.0	1.0	1.0	1.0	1.0	3.0
k__Fungi;p__Ascomycota;c__Leotiomycetes;o__Thelebolales;f__Pseudeurotiaceae;g__Hyphozyma	1.0	1.0	1.0	1.0	17.0	1.0	1.0	1.0	1.0	1.0	1.0	1.0	1.0	1.0	1.0	1.0	1.0	1.0	1.0	1.0
k__Fungi;p__Ascomycota;c__Leotiomycetes;o__Thelebolales;f__Pseudeurotiaceae;g__Pseudeurotium	1.0	1.0	1.0	1.0	4.0	1.0	1.0	1.0	1.0	3.0	1.0	1.0	1.0	1.0	1.0	1.0	1.0	1.0	1.0	1.0
k__Fungi;p__Ascomycota;c__Leotiomycetes;o__Thelebolales;f__Pseudeurotiaceae;g__Pseudogymnoascus	1.0	1.0	1.0	1.0	1.0	1.0	1.0	1.0	1.0	1.0	1.0	1.0	1.0	1.0	1.0	1.0	1.0	1.0	1.0	5.0
k__Fungi;p__Ascomycota;c__Orbiliomycetes;o__Orbiliales;f__Orbiliaceae;__	1.0	1.0	1.0	1.0	1.0	1.0	1.0	1.0	1.0	142.0	1.0	1.0	1.0	1.0	1.0	1.0	1.0	1.0	1.0	1.0
k__Fungi;p__Ascomycota;c__Orbiliomycetes;o__Orbiliales;f__Orbiliaceae;g__Arthrobotrys	1.0	1.0	1.0	1.0	1.0	1.0	1.0	1.0	1.0	1.0	1.0	1.0	1.0	1.0	10.0	1.0	1.0	1.0	1.0	7.0
k__Fungi;p__Ascomycota;c__Orbiliomycetes;o__Orbiliales;f__Orbiliaceae;g__Gamsylella	1.0	1.0	1.0	1.0	1.0	1.0	1.0	1.0	1.0	4.0	1.0	1.0	1.0	1.0	1.0	1.0	1.0	1.0	1.75	42.0
k__Fungi;p__Ascomycota;c__Orbiliomycetes;o__Orbiliales;f__Orbiliaceae;g__Orbilia	1.0	1.0	1.0	1.0	41.0	1.0	1.0	2.5	21.0	95.0	1.0	1.0	3.5	28.75	629.0	1.0	1.0	14.0	39.25	317.0
k__Fungi;p__Ascomycota;c__Orbiliomycetes;o__Orbiliales;f__Orbiliaceae;g__unidentified	1.0	1.0	7.0	18.0	50.0	1.0	1.0	8.5	34.5	357.0	1.0	1.0	1.0	9.0	31.0	1.0	1.0	1.0	34.25	69.0
k__Fungi;p__Ascomycota;c__Orbiliomycetes;o__Orbiliales;f__Orbiliales_fam_Incertae_sedis;g__Vermispora	1.0	1.0	1.0	1.0	1.0	1.0	1.0	1.0	1.0	3.0	1.0	1.0	1.0	1.0	1.0	1.0	1.0	1.0	1.0	1.0
k__Fungi;p__Ascomycota;c__Orbiliomycetes;o__unidentified;f__unidentified;g__unidentified	1.0	1.0	1.0	1.0	11.0	1.0	1.0	1.0	1.0	45.0	1.0	1.0	1.0	1.0	1.0	1.0	1.0	1.0	1.0	3.0
k__Fungi;p__Ascomycota;c__Pezizomycetes;o__Pezizales;f__Ascobolaceae;__	1.0	1.0	1.0	1.0	1.0	1.0	1.0	1.0	1.0	4.0	1.0	1.0	1.0	1.0	1.0	1.0	1.0	1.0	1.0	1.0
k__Fungi;p__Ascomycota;c__Pezizomycetes;o__Pezizales;f__Ascobolaceae;g__Ascobolus	1.0	1.0	1.0	1.0	1.0	1.0	1.0	1.0	1.0	1.0	1.0	1.0	1.0	1.0	1.0	1.0	1.0	1.0	2.0	8.0
k__Fungi;p__Ascomycota;c__Pezizomycetes;o__Pezizales;f__Ascodesmidaceae;g__Cephaliophora	1.0	1.0	1.0	1.0	1.0	1.0	1.0	1.0	1.0	5.0	1.0	1.0	1.0	1.0	1.0	1.0	1.0	1.0	1.0	6.0
k__Fungi;p__Ascomycota;c__Pezizomycetes;o__Pezizales;f__Pezizaceae;__	1.0	1.0	1.0	1.0	1.0	1.0	1.0	1.0	1.0	1.0	1.0	1.0	1.0	1.0	5.0	1.0	1.0	1.0	1.0	1.0
k__Fungi;p__Ascomycota;c__Pezizomycetes;o__Pezizales;f__Pezizaceae;g__Iodophanus	1.0	1.0	1.0	1.0	4.0	1.0	1.0	1.0	1.0	10.0	1.0	1.0	1.0	1.0	1.0	1.0	1.0	1.0	1.0	1.0
k__Fungi;p__Ascomycota;c__Pezizomycetes;o__Pezizales;f__Pezizaceae;g__Peziza	1.0	1.0	1.0	2.5	140.0	1.0	1.0	1.0	1.0	1.0	1.0	1.0	1.0	2.5	38.0	1.0	1.0	1.0	2.75	84.0
k__Fungi;p__Ascomycota;c__Pezizomycetes;o__Pezizales;f__Pezizaceae;g__unidentified	1.0	1.0	3.5	14.75	2019.0	1.0	1.0	8.5	61.25	1409.0	1.0	1.0	3.5	98.5	492.0	1.0	10.75	255.0	1411.0	3116.0
k__Fungi;p__Ascomycota;c__Pezizomycetes;o__Pezizales;f__Pyronemataceae;__	1.0	1.0	1.0	1.0	1.0	1.0	1.0	1.0	2.0	76.0	1.0	1.0	1.0	1.0	6.0	1.0	1.0	1.0	1.0	1.0
k__Fungi;p__Ascomycota;c__Pezizomycetes;o__Pezizales;f__Pyronemataceae;g__Cheilymenia	1.0	1.0	1.0	1.0	1.0	1.0	1.0	1.0	1.0	1.0	1.0	1.0	1.0	1.0	22.0	1.0	1.0	1.0	1.0	1.0
k__Fungi;p__Ascomycota;c__Pezizomycetes;o__Pezizales;f__Pyronemataceae;g__Pseudaleuria	1.0	1.0	1.0	1.0	4.0	1.0	1.0	1.0	13.5	32.0	1.0	1.0	1.0	1.0	1.0	1.0	1.0	1.0	10.25	71.0
k__Fungi;p__Ascomycota;c__Pezizomycetes;o__Pezizales;f__Pyronemataceae;g__Pulvinula	1.0	1.0	1.0	1.0	1.0	1.0	1.0	1.0	1.0	1.0	1.0	1.0	1.0	1.0	38.0	1.0	1.0	1.0	1.0	1.0
k__Fungi;p__Ascomycota;c__Pezizomycetes;o__Pezizales;f__Pyronemataceae;g__Scutellinia	1.0	1.0	1.0	1.0	1.0	1.0	1.0	1.0	1.0	1.0	1.0	1.0	1.0	1.0	1.0	1.0	1.0	1.0	1.0	18.0
k__Fungi;p__Ascomycota;c__Pezizomycetes;o__Pezizales;f__Pyronemataceae;g__unidentified	1.0	1.0	1.0	1.0	6.0	1.0	1.0	1.0	1.0	6.0	1.0	1.0	1.0	4.25	10.0	1.0	1.0	1.0	1.75	27.0
k__Fungi;p__Ascomycota;c__Saccharomycetes;o__Saccharomycetales;f__Debaryomycetaceae;g__Meyerozyma	1.0	1.0	1.0	1.0	1.0	1.0	1.0	1.0	1.0	1.0	1.0	1.0	1.0	1.0	9.0	1.0	1.0	1.0	1.0	1.0
k__Fungi;p__Ascomycota;c__Saccharomycetes;o__Saccharomycetales;f__Lipomycetaceae;g__Lipomyces	1.0	1.0	1.0	1.0	4.0	1.0	1.0	1.0	1.0	1.0	1.0	1.0	1.0	1.0	1.0	1.0	1.0	1.0	1.0	1.0
k__Fungi;p__Ascomycota;c__Saccharomycetes;o__Saccharomycetales;f__Phaffomycetaceae;g__Cyberlindnera	1.0	1.0	1.0	1.0	1.0	1.0	1.0	1.0	1.0	7.0	1.0	1.0	1.0	1.0	1.0	1.0	1.0	1.0	1.0	1.0
k__Fungi;p__Ascomycota;c__Saccharomycetes;o__Saccharomycetales;f__Saccharomycetales_fam_Incertae_sedis;g__Candida	1.0	1.0	1.0	1.0	4.0	1.0	1.0	1.0	1.0	10.0	1.0	1.0	1.0	1.0	18.0	1.0	1.0	1.0	1.0	12.0
k__Fungi;p__Ascomycota;c__Saccharomycetes;o__Saccharomycetales;f__unidentified;g__unidentified	1.0	1.0	1.0	1.0	11.0	1.0	1.0	1.0	1.0	12.0	1.0	1.0	1.0	1.0	5.0	1.0	1.0	1.0	1.0	17.0
k__Fungi;p__Ascomycota;c__Sordariomycetes;__;__;__	1.0	231.75	406.5	721.0	1707.0	78.0	234.5	327.0	561.0	821.0	1.0	78.75	133.0	232.25	1122.0	9.0	90.5	165.0	301.5	663.0
k__Fungi;p__Ascomycota;c__Sordariomycetes;o__Branch06;f__unidentified;g__unidentified	1.0	1.0	5.0	13.25	66.0	1.0	16.5	82.0	420.5	1057.0	1.0	7.75	26.5	125.5	312.0	12.0	33.5	98.5	259.25	916.0
k__Fungi;p__Ascomycota;c__Sordariomycetes;o__Chaetosphaeriales;f__Chaetosphaeriaceae;g__Chaetosphaeria	1.0	4.75	9.0	14.5	53.0	1.0	2.5	13.0	16.5	50.0	1.0	1.0	1.0	7.75	49.0	1.0	1.0	1.0	4.75	15.0
k__Fungi;p__Ascomycota;c__Sordariomycetes;o__Chaetosphaeriales;f__Chaetosphaeriaceae;g__Sporoschisma	1.0	1.0	1.0	1.75	34.0	1.0	1.0	1.0	1.75	204.0	1.0	1.0	1.0	1.0	7.0	1.0	1.0	1.0	1.0	40.0
k__Fungi;p__Ascomycota;c__Sordariomycetes;o__Chaetosphaeriales;f__Chaetosphaeriaceae;g__unidentified	1.0	9.75	15.0	30.0	146.0	1.0	1.0	5.5	13.5	29.0	1.0	1.0	3.0	14.5	63.0	1.0	1.0	1.0	1.0	9.0
k__Fungi;p__Ascomycota;c__Sordariomycetes;o__Coniochaetales;f__Coniochaetaceae;__	1.0	1.0	1.0	1.0	1.0	1.0	1.0	1.0	1.0	1.0	1.0	1.0	1.0	2.0	11.0	1.0	1.0	1.0	1.0	4.0
k__Fungi;p__Ascomycota;c__Sordariomycetes;o__Coniochaetales;f__Coniochaetaceae;g__Coniochaeta	1.0	8.5	24.5	38.0	232.0	1.0	3.25	9.5	34.5	186.0	1.0	1.0	8.0	16.5	31.0	1.0	1.0	5.5	12.75	36.0
k__Fungi;p__Ascomycota;c__Sordariomycetes;o__Coniochaetales;f__Coniochaetaceae;g__Lecythophora	1.0	5.5	16.5	39.5	53.0	1.0	7.0	15.0	27.5	52.0	1.0	1.0	3.0	15.25	64.0	1.0	1.0	1.0	7.0	15.0
k__Fungi;p__Ascomycota;c__Sordariomycetes;o__Diaporthales;f__Diaporthaceae;g__Diaporthe	1.0	1.0	2.0	5.25	14.0	1.0	1.0	1.0	5.0	49.0	1.0	1.0	1.0	5.0	19.0	1.0	1.0	1.0	1.0	20.0
k__Fungi;p__Ascomycota;c__Sordariomycetes;o__Glomerellales;f__Glomerellaceae;g__Colletotrichum	1.0	11.5	44.0	71.25	159.0	10.0	35.0	61.5	115.25	570.0	1.0	19.5	39.0	64.25	153.0	1.0	40.75	56.5	71.25	205.0
k__Fungi;p__Ascomycota;c__Sordariomycetes;o__Glomerellales;f__Plectosphaerellaceae;g__Lectera	1.0	45.5	79.5	165.75	378.0	18.0	31.75	67.0	172.0	240.0	1.0	11.25	25.5	71.75	540.0	6.0	195.5	297.5	335.0	655.0
k__Fungi;p__Ascomycota;c__Sordariomycetes;o__Glomerellales;f__Plectosphaerellaceae;g__Plectosphaerella	45.0	2769.25	3392.0	6102.5	13257.0	1586.0	2433.75	2622.5	3449.0	6725.0	32.0	1175.25	2168.5	2925.5	5983.0	71.0	1797.25	2668.0	4256.5	6393.0
k__Fungi;p__Ascomycota;c__Sordariomycetes;o__Glomerellales;f__Plectosphaerellaceae;g__unidentified	1.0	84.5	153.0	195.5	835.0	69.0	104.0	142.5	175.0	569.0	1.0	100.75	129.0	174.25	1089.0	7.0	37.0	52.0	127.0	185.0
k__Fungi;p__Ascomycota;c__Sordariomycetes;o__Hypocreales;__;__	1.0	120.0	154.0	286.25	348.0	13.0	37.5	62.5	144.5	292.0	1.0	17.5	36.5	124.75	310.0	1.0	172.25	253.0	411.25	1528.0
k__Fungi;p__Ascomycota;c__Sordariomycetes;o__Hypocreales;f__Bionectriaceae;g__Bionectria	1.0	1.0	1.0	1.0	5.0	1.0	1.0	1.0	1.0	5.0	1.0	1.0	1.0	1.0	1.0	1.0	1.0	1.0	1.0	5.0
k__Fungi;p__Ascomycota;c__Sordariomycetes;o__Hypocreales;f__Bionectriaceae;g__Clonostachys	1.0	265.75	369.0	742.5	1303.0	157.0	340.0	547.5	1872.5	8775.0	1.0	154.0	253.5	489.75	14310.0	54.0	332.0	415.0	1057.75	4001.0
k__Fungi;p__Ascomycota;c__Sordariomycetes;o__Hypocreales;f__Bionectriaceae;g__unidentified	1.0	1.0	1.0	1.0	5.0	1.0	1.0	1.0	1.0	1.0	1.0	1.0	1.0	1.0	1.0	1.0	1.0	1.0	1.0	1.0
k__Fungi;p__Ascomycota;c__Sordariomycetes;o__Hypocreales;f__Clavicipitaceae;__	1.0	12.5	23.0	42.0	181.0	1.0	16.0	19.5	36.75	176.0	1.0	1.0	4.0	12.75	184.0	1.0	10.25	13.0	35.0	143.0
k__Fungi;p__Ascomycota;c__Sordariomycetes;o__Hypocreales;f__Clavicipitaceae;g__Metarhizium	1.0	32.5	38.5	76.0	1239.0	19.0	42.25	67.0	105.5	458.0	1.0	28.25	44.0	99.25	641.0	1.0	49.0	112.5	195.5	1090.0
k__Fungi;p__Ascomycota;c__Sordariomycetes;o__Hypocreales;f__Clavicipitaceae;g__unidentified	1.0	1.0	1.0	1.0	1.0	1.0	1.0	1.0	1.0	1.0	1.0	1.0	1.0	1.0	14.0	1.0	1.0	1.0	1.0	1.0
k__Fungi;p__Ascomycota;c__Sordariomycetes;o__Hypocreales;f__Cordycipitaceae;g__Beauveria	1.0	1.0	1.0	1.0	87.0	1.0	1.0	1.0	1.0	19.0	1.0	1.0	1.0	1.0	34.0	1.0	1.0	1.0	1.0	1.0
k__Fungi;p__Ascomycota;c__Sordariomycetes;o__Hypocreales;f__Cordycipitaceae;g__Lecanicillium	1.0	1.0	1.0	1.0	40.0	1.0	1.0	1.0	1.0	1.0	1.0	1.0	1.0	2.0	6.0	1.0	1.0	1.0	1.0	1.0
k__Fungi;p__Ascomycota;c__Sordariomycetes;o__Hypocreales;f__Cordycipitaceae;g__Simplicillium	1.0	1.0	1.0	1.0	6.0	1.0	1.0	1.0	1.0	6.0	1.0	1.0	1.0	1.0	1.0	1.0	1.0	1.0	1.0	1.0
k__Fungi;p__Ascomycota;c__Sordariomycetes;o__Hypocreales;f__Hypocreaceae;__	1.0	1.0	1.0	1.0	3.0	1.0	1.0	1.0	1.0	1.0	1.0	1.0	1.0	1.0	1.0	1.0	1.0	1.0	1.0	1.0
k__Fungi;p__Ascomycota;c__Sordariomycetes;o__Hypocreales;f__Hypocreaceae;g__Monocillium	1.0	1.0	1.0	1.0	16.0	1.0	1.0	1.0	1.0	1.0	1.0	1.0	1.0	1.0	1.0	1.0	1.0	1.0	1.0	1.0
k__Fungi;p__Ascomycota;c__Sordariomycetes;o__Hypocreales;f__Hypocreaceae;g__Trichoderma	1.0	45.75	82.0	118.0	273.0	31.0	46.0	81.5	125.0	162.0	1.0	40.5	78.5	251.5	538.0	1.0	16.75	35.0	82.75	119.0
k__Fungi;p__Ascomycota;c__Sordariomycetes;o__Hypocreales;f__Hypocreales_fam_Incertae_sedis;__	1.0	1.0	1.0	1.0	131.0	1.0	1.0	1.0	3.0	19.0	1.0	1.0	1.0	1.0	1.0	1.0	1.0	1.0	1.0	1.0
k__Fungi;p__Ascomycota;c__Sordariomycetes;o__Hypocreales;f__Hypocreales_fam_Incertae_sedis;g__Acremonium	15.0	144.0	256.5	405.25	863.0	275.0	349.25	400.0	569.5	751.0	1.0	141.25	296.5	357.25	985.0	5.0	170.25	328.5	510.5	1093.0
k__Fungi;p__Ascomycota;c__Sordariomycetes;o__Hypocreales;f__Hypocreales_fam_Incertae_sedis;g__Fusariella	1.0	1.0	8.0	15.25	99.0	1.0	1.0	1.0	14.5	25.0	1.0	1.0	6.5	16.0	86.0	16.0	27.25	33.0	47.5	68.0
k__Fungi;p__Ascomycota;c__Sordariomycetes;o__Hypocreales;f__Hypocreales_fam_Incertae_sedis;g__Sarocladium	1.0	3.25	7.0	12.75	38.0	1.0	1.0	2.5	6.75	99.0	1.0	1.0	6.0	12.0	31.0	1.0	1.0	1.0	1.0	9.0
k__Fungi;p__Ascomycota;c__Sordariomycetes;o__Hypocreales;f__Hypocreales_fam_Incertae_sedis;g__Stilbella	1.0	1.0	1.0	232.25	5672.0	1.0	1.0	1.0	1.0	302.0	1.0	1.0	1.0	1.0	1308.0	1.0	1.0	1.0	4.25	865.0
k__Fungi;p__Ascomycota;c__Sordariomycetes;o__Hypocreales;f__Hypocreales_fam_Incertae_sedis;g__unidentified	1.0	1.0	1.0	1.0	6.0	1.0	1.0	1.0	1.0	7.0	1.0	1.0	1.0	1.0	1.0	1.0	1.0	1.0	1.0	1.0
k__Fungi;p__Ascomycota;c__Sordariomycetes;o__Hypocreales;f__Nectriaceae;__	1.0	1.0	11.0	35.0	105.0	1.0	1.0	17.5	52.0	105.0	1.0	1.0	10.5	15.25	83.0	1.0	1.0	20.5	40.5	74.0
k__Fungi;p__Ascomycota;c__Sordariomycetes;o__Hypocreales;f__Nectriaceae;g__Acremoniopsis	1.0	1.0	1.0	1.0	4.0	1.0	1.0	1.0	1.0	1.0	1.0	1.0	1.0	1.0	1.0	1.0	1.0	1.0	1.0	1.0
k__Fungi;p__Ascomycota;c__Sordariomycetes;o__Hypocreales;f__Nectriaceae;g__Cosmospora	1.0	1.0	1.0	2.0	8.0	1.0	1.0	1.0	1.0	20.0	1.0	1.0	1.0	1.0	18.0	1.0	1.0	1.0	1.0	10.0
k__Fungi;p__Ascomycota;c__Sordariomycetes;o__Hypocreales;f__Nectriaceae;g__Cylindrocarpon	1.0	1.0	1.0	1.5	8.0	1.0	1.0	1.0	6.5	44.0	1.0	1.0	1.0	10.75	40.0	1.0	1.0	1.0	1.5	22.0
k__Fungi;p__Ascomycota;c__Sordariomycetes;o__Hypocreales;f__Nectriaceae;g__Dactylonectria	1.0	15.75	39.5	103.0	162.0	28.0	56.75	80.5	228.75	609.0	1.0	35.5	71.5	226.0	535.0	20.0	155.25	230.0	335.75	2152.0
k__Fungi;p__Ascomycota;c__Sordariomycetes;o__Hypocreales;f__Nectriaceae;g__Fusarium	10.0	1680.5	3400.5	6073.25	9368.0	585.0	5707.0	8304.5	9469.75	15937.0	10.0	5610.0	9164.0	10830.5	17984.0	519.0	2552.75	5838.5	8261.25	11223.0
k__Fungi;p__Ascomycota;c__Sordariomycetes;o__Hypocreales;f__Nectriaceae;g__Fusicolla	1.0	6.25	24.5	50.5	344.0	1.0	1.0	3.5	20.25	117.0	1.0	1.0	13.0	26.0	40.0	1.0	1.0	1.0	7.75	70.0
k__Fungi;p__Ascomycota;c__Sordariomycetes;o__Hypocreales;f__Nectriaceae;g__Mariannaea	1.0	11.75	24.0	36.75	133.0	1.0	1.0	5.0	24.0	388.0	1.0	1.0	5.0	12.0	40.0	1.0	1.0	5.0	16.5	72.0
k__Fungi;p__Ascomycota;c__Sordariomycetes;o__Hypocreales;f__Nectriaceae;g__Neonectria	1.0	6.25	14.5	19.75	57.0	1.0	5.5	7.5	11.25	21.0	1.0	1.0	1.0	8.5	25.0	1.0	3.25	10.5	15.5	19.0
k__Fungi;p__Ascomycota;c__Sordariomycetes;o__Hypocreales;f__Nectriaceae;g__Paracremonium	1.0	1.0	1.0	1.0	1.0	1.0	1.0	1.0	1.0	3.0	1.0	1.0	1.0	1.0	1.0	1.0	1.0	1.0	1.0	1.0
k__Fungi;p__Ascomycota;c__Sordariomycetes;o__Hypocreales;f__Nectriaceae;g__Stephanonectria	1.0	1.0	1.0	1.75	39.0	1.0	1.0	1.0	2.0	15.0	1.0	1.0	1.0	2.75	34.0	1.0	1.0	1.0	1.0	22.0
k__Fungi;p__Ascomycota;c__Sordariomycetes;o__Hypocreales;f__Nectriaceae;g__Thelonectria	1.0	1.0	1.0	1.0	1.0	1.0	1.0	1.0	1.0	1.0	1.0	1.0	1.0	1.0	5.0	1.0	1.0	1.0	1.0	1.0
k__Fungi;p__Ascomycota;c__Sordariomycetes;o__Hypocreales;f__Nectriaceae;g__Viridispora	1.0	1.0	1.0	1.0	1.0	1.0	1.0	1.0	1.0	8.0	1.0	1.0	1.0	1.0	1.0	1.0	1.0	1.0	1.0	1.0
k__Fungi;p__Ascomycota;c__Sordariomycetes;o__Hypocreales;f__Nectriaceae;g__Volutella	1.0	1.0	1.0	1.75	15.0	1.0	1.0	4.0	16.25	42.0	1.0	1.0	1.0	55.25	98.0	1.0	1.0	1.0	1.0	3.0
k__Fungi;p__Ascomycota;c__Sordariomycetes;o__Hypocreales;f__Ophiocordycipitaceae;g__Hirsutella	1.0	1.0	1.0	1.0	6.0	1.0	1.0	1.0	1.0	1.0	1.0	1.0	1.0	1.0	1.0	1.0	1.0	1.0	1.0	1.0
k__Fungi;p__Ascomycota;c__Sordariomycetes;o__Hypocreales;f__Ophiocordycipitaceae;g__Ophiocordyceps	1.0	1.0	1.0	1.0	1.0	1.0	1.0	1.0	1.0	6.0	1.0	1.0	1.0	1.0	111.0	1.0	1.0	1.0	1.0	1.0
k__Fungi;p__Ascomycota;c__Sordariomycetes;o__Hypocreales;f__Ophiocordycipitaceae;g__Purpureocillium	1.0	1.0	1.0	1.0	5.0	1.0	1.0	1.0	1.0	4.0	1.0	1.0	1.0	1.0	5.0	1.0	1.0	1.0	1.0	1.0
k__Fungi;p__Ascomycota;c__Sordariomycetes;o__Hypocreales;f__Stachybotryaceae;__	1.0	24.25	51.0	163.5	762.0	14.0	47.0	48.5	64.5	117.0	1.0	4.75	29.0	51.25	6703.0	1.0	106.5	227.5	367.5	709.0
k__Fungi;p__Ascomycota;c__Sordariomycetes;o__Hypocreales;f__Stachybotryaceae;g__Myrothecium	1.0	7.75	13.0	35.75	619.0	1.0	1.0	1.0	8.75	973.0	1.0	1.0	1.0	10.0	985.0	1.0	1.0	1.0	1.0	8.0
k__Fungi;p__Ascomycota;c__Sordariomycetes;o__Hypocreales;f__Stachybotryaceae;g__Sirastachys	1.0	1.0	1.0	1.0	1.0	1.0	1.0	1.0	1.0	1.0	1.0	1.0	7.0	13.75	25.0	1.0	1.0	1.0	2.5	14.0
k__Fungi;p__Ascomycota;c__Sordariomycetes;o__Hypocreales;f__Stachybotryaceae;g__Stachybotrys	1.0	1.0	1.0	2.75	9.0	1.0	1.0	1.0	5.0	19.0	1.0	1.0	1.0	1.0	10.0	1.0	1.0	1.0	1.0	30.0
k__Fungi;p__Ascomycota;c__Sordariomycetes;o__Hypocreales;f__Stachybotryaceae;g__unidentified	1.0	1.0	1.0	1.0	8.0	1.0	1.0	1.0	1.0	4.0	1.0	1.0	1.0	1.0	1.0	1.0	1.0	1.0	1.0	5.0
k__Fungi;p__Ascomycota;c__Sordariomycetes;o__Hypocreales;f__unidentified;g__unidentified	1.0	37.5	72.5	96.5	111.0	39.0	75.25	133.0	160.25	674.0	1.0	41.0	81.5	200.5	261.0	9.0	31.75	75.0	136.75	206.0
k__Fungi;p__Ascomycota;c__Sordariomycetes;o__Magnaporthales;f__Magnaporthaceae;g__Mycoleptodiscus	1.0	1.0	1.0	15.5	122.0	1.0	1.0	1.0	5.0	96.0	1.0	1.0	1.0	1.0	34.0	1.0	1.0	1.0	62.5	198.0
k__Fungi;p__Ascomycota;c__Sordariomycetes;o__Microascales;f__Halosphaeriaceae;g__unidentified	1.0	1.0	1.0	19.0	28.0	1.0	1.0	3.0	18.5	41.0	1.0	1.0	1.0	5.75	267.0	1.0	1.0	2.0	18.25	869.0
k__Fungi;p__Ascomycota;c__Sordariomycetes;o__Microascales;f__Microascaceae;g__Acaulium	1.0	1.0	1.0	1.5	7.0	1.0	1.0	1.0	1.0	1.0	1.0	1.0	1.0	1.0	1.0	1.0	1.0	1.0	1.0	108.0
k__Fungi;p__Ascomycota;c__Sordariomycetes;o__Myrmecridiales;f__Myrmecridiaceae;g__Myrmecridium	1.0	4.0	8.0	18.25	266.0	1.0	1.0	9.0	16.5	116.0	1.0	1.0	8.0	25.25	75.0	1.0	1.0	1.0	5.0	11.0
k__Fungi;p__Ascomycota;c__Sordariomycetes;o__Sordariales;__;__	1.0	2.5	9.0	18.75	468.0	1.0	1.0	2.5	13.5	412.0	1.0	3.25	7.0	35.0	309.0	1.0	8.0	90.5	764.0	3497.0
k__Fungi;p__Ascomycota;c__Sordariomycetes;o__Sordariales;f__Chaetomiaceae;__	1.0	14.75	47.0	67.5	117.0	1.0	17.75	29.0	38.0	93.0	1.0	1.0	5.0	15.0	45.0	1.0	3.75	5.0	11.0	39.0
k__Fungi;p__Ascomycota;c__Sordariomycetes;o__Sordariales;f__Chaetomiaceae;g__Botryotrichum	1.0	1.0	1.0	1.0	13.0	1.0	1.0	1.0	1.0	15.0	1.0	1.0	1.0	1.0	1.0	1.0	1.0	1.0	1.0	1.0
k__Fungi;p__Ascomycota;c__Sordariomycetes;o__Sordariales;f__Chaetomiaceae;g__Chaetomium	1.0	1.0	1.0	6.0	11.0	1.0	1.0	5.5	9.25	16.0	1.0	1.0	1.0	1.0	10.0	1.0	1.0	1.0	6.0	16.0
k__Fungi;p__Ascomycota;c__Sordariomycetes;o__Sordariales;f__Chaetomiaceae;g__Dichotomopilus	1.0	1.0	1.0	1.0	1.0	1.0	1.0	1.0	5.25	8.0	1.0	1.0	1.0	1.0	8.0	1.0	1.0	1.0	1.0	7.0
k__Fungi;p__Ascomycota;c__Sordariomycetes;o__Sordariales;f__Chaetomiaceae;g__Trichocladium	1.0	1.0	1.0	1.0	1.0	1.0	1.0	1.0	1.0	4.0	1.0	1.0	1.0	1.0	5.0	1.0	1.0	1.0	1.0	4.0
k__Fungi;p__Ascomycota;c__Sordariomycetes;o__Sordariales;f__Chaetomiaceae;g__Zopfiella	1.0	1.0	1.0	1.0	1.0	1.0	1.0	1.0	1.0	1.0	1.0	1.0	1.0	1.0	76.0	1.0	1.0	1.0	1.0	1.0
k__Fungi;p__Ascomycota;c__Sordariomycetes;o__Sordariales;f__Chaetomiaceae;g__unidentified	1.0	1.0	5.0	20.0	32.0	1.0	1.0	6.0	23.0	50.0	1.0	1.0	1.0	3.25	41.0	1.0	1.0	7.0	15.5	36.0
k__Fungi;p__Ascomycota;c__Sordariomycetes;o__Sordariales;f__Lasiosphaeriaceae;__	1.0	63.0	105.0	120.75	158.0	13.0	32.75	44.0	92.5	648.0	1.0	19.25	140.0	492.5	2676.0	1.0	21.25	124.0	692.75	1730.0
k__Fungi;p__Ascomycota;c__Sordariomycetes;o__Sordariales;f__Lasiosphaeriaceae;g__Apodus	1.0	7.75	26.5	120.75	290.0	1.0	6.5	16.0	28.25	4988.0	1.0	1.0	3.5	15.75	893.0	1.0	1.0	1.0	1.0	26.0
k__Fungi;p__Ascomycota;c__Sordariomycetes;o__Sordariales;f__Lasiosphaeriaceae;g__Cercophora	1.0	1.0	1.0	7.25	80.0	1.0	1.0	1.0	2.25	30.0	1.0	1.0	1.0	4.25	48.0	1.0	1.0	1.0	1.0	1.0
k__Fungi;p__Ascomycota;c__Sordariomycetes;o__Sordariales;f__Lasiosphaeriaceae;g__Cladorrhinum	1.0	1.0	1.0	1.0	887.0	1.0	1.0	1.0	1.0	21.0	1.0	1.0	1.0	2.5	36.0	1.0	1.0	1.0	1.0	22.0
k__Fungi;p__Ascomycota;c__Sordariomycetes;o__Sordariales;f__Lasiosphaeriaceae;g__Podospora	1.0	1.0	1.0	1.0	15.0	1.0	1.0	1.0	1.0	30.0	1.0	1.0	1.0	4.25	484.0	1.0	1.0	1.0	1.0	1.0
k__Fungi;p__Ascomycota;c__Sordariomycetes;o__Sordariales;f__Lasiosphaeriaceae;g__Schizothecium	1.0	61.25	125.5	243.5	6611.0	1.0	24.25	32.5	42.25	366.0	1.0	22.5	59.0	241.0	917.0	1.0	1.0	1.0	10.5	162.0
k__Fungi;p__Ascomycota;c__Sordariomycetes;o__Sordariales;f__Sordariales_fam_Incertae_sedis;g__Ramophialophora	1.0	1.0	1.0	1.0	1.0	1.0	1.0	1.0	1.0	1.0	1.0	1.0	1.0	1.0	9.0	1.0	1.0	1.0	1.0	1.0
k__Fungi;p__Ascomycota;c__Sordariomycetes;o__Sordariales;f__Sordariales_fam_Incertae_sedis;g__Staphylotrichum	1.0	1.0	1.0	1.5	5.0	1.0	1.0	1.0	5.5	9.0	1.0	1.0	1.0	1.0	11.0	1.0	1.0	1.0	1.0	5.0
k__Fungi;p__Ascomycota;c__Sordariomycetes;o__Sordariales;f__unidentified;g__unidentified	1.0	1.0	3.5	16.75	300.0	1.0	1.0	5.0	48.75	1337.0	1.0	1.0	1.0	18.0	329.0	1.0	1.0	1.0	3.75	174.0
k__Fungi;p__Ascomycota;c__Sordariomycetes;o__Trichosphaeriales;f__Trichosphaeriaceae;g__Nigrospora	1.0	36.25	64.0	79.5	111.0	23.0	43.5	66.0	96.0	142.0	1.0	32.0	42.0	82.75	162.0	1.0	67.5	90.5	130.25	206.0
k__Fungi;p__Ascomycota;c__Sordariomycetes;o__Xylariales;__;__	1.0	1.0	1.0	1.0	1.0	1.0	1.0	1.0	6.25	9.0	1.0	1.0	1.0	4.25	165.0	1.0	1.0	2.0	11.5	45.0
k__Fungi;p__Ascomycota;c__Sordariomycetes;o__Xylariales;f__Microdochiaceae;g__Idriella	1.0	4.75	18.0	38.5	121.0	1.0	1.0	9.0	36.0	122.0	1.0	1.0	1.0	2.0	41.0	1.0	1.0	6.0	22.25	38.0
k__Fungi;p__Ascomycota;c__Sordariomycetes;o__Xylariales;f__Microdochiaceae;g__Microdochium	1.0	1.0	1.0	1.0	5.0	1.0	1.0	1.0	1.0	1.0	1.0	1.0	1.0	1.0	31.0	1.0	1.0	1.0	3.5	16.0
k__Fungi;p__Ascomycota;c__Sordariomycetes;o__Xylariales;f__Xylariaceae;__	1.0	1.0	1.0	1.0	3.0	1.0	1.0	1.0	1.0	1.0	1.0	1.0	1.0	1.0	1.0	1.0	1.0	1.0	1.0	1.0
k__Fungi;p__Ascomycota;c__Sordariomycetes;o__Xylariales;f__Xylariaceae;g__Hypoxylon	1.0	1.0	1.0	1.0	11.0	1.0	1.0	1.0	1.0	28.0	1.0	1.0	1.0	1.0	1.0	1.0	1.0	1.0	1.0	1.0
k__Fungi;p__Ascomycota;c__Sordariomycetes;o__Xylariales;f__Xylariaceae;g__Nodulisporium	1.0	1.0	1.0	1.0	1.0	1.0	1.0	1.0	1.0	1.0	1.0	1.0	1.0	1.0	1.0	1.0	1.0	1.0	1.0	6.0
k__Fungi;p__Ascomycota;c__Sordariomycetes;o__Xylariales;f__Xylariaceae;g__Xylaria	1.0	1.0	1.0	1.0	6.0	1.0	1.0	1.0	1.0	1.0	1.0	1.0	1.0	1.0	1.0	1.0	1.0	1.0	1.0	1.0
k__Fungi;p__Ascomycota;c__Sordariomycetes;o__Xylariales;f__Xylariales_fam_Incertae_sedis;g__Fusidium	1.0	1.0	19.5	213.25	936.0	1.0	1.0	5.0	54.0	951.0	1.0	39.75	117.0	252.0	2000.0	1.0	4.75	26.0	128.75	474.0
k__Fungi;p__Ascomycota;c__Sordariomycetes;o__Xylariales;f__Xylariales_fam_Incertae_sedis;g__Hansfordia	1.0	1.0	1.0	1.0	1.0	1.0	1.0	1.0	1.0	1.0	1.0	1.0	1.0	1.0	1.0	1.0	1.0	1.0	1.0	4.0
k__Fungi;p__Ascomycota;c__Xylonomycetes;o__Symbiotaphrinales;f__Symbiotaphrinaceae;g__Symbiotaphrina	1.0	1.0	1.0	1.0	1.0	1.0	1.0	1.0	1.0	3.0	1.0	1.0	1.0	1.0	1.0	1.0	1.0	1.0	1.0	1.0
k__Fungi;p__Basidiomycota;__;__;__;__	1.0	1.0	1.0	6.25	30.0	1.0	1.0	7.5	12.5	225.0	1.0	1.0	1.0	7.75	118.0	1.0	1.0	6.0	8.0	80.0
k__Fungi;p__Basidiomycota;c__Agaricomycetes;__;__;__	1.0	3.25	46.0	155.5	4350.0	1.0	10.75	69.5	683.25	2599.0	1.0	1.0	15.0	33.25	1170.0	1.0	2.5	34.0	73.5	112.0
k__Fungi;p__Basidiomycota;c__Agaricomycetes;o__Agaricales;__;__	1.0	1.0	1.0	5.0	68.0	1.0	1.0	1.0	1.75	250.0	1.0	1.0	1.0	1.0	86.0	1.0	1.0	1.0	7.25	31.0
k__Fungi;p__Basidiomycota;c__Agaricomycetes;o__Agaricales;f__Agaricaceae;g__Agaricus	1.0	1.0	1.0	1.0	7.0	1.0	1.0	1.0	1.0	1.0	1.0	1.0	1.0	1.0	1.0	1.0	1.0	1.0	1.0	1.0
k__Fungi;p__Basidiomycota;c__Agaricomycetes;o__Agaricales;f__Agaricaceae;g__Coprinus	1.0	1.0	1.0	1.0	1.0	1.0	1.0	1.0	1.0	1.0	1.0	1.0	1.0	1.0	4.0	1.0	1.0	1.0	1.0	73.0
k__Fungi;p__Basidiomycota;c__Agaricomycetes;o__Agaricales;f__Bolbitiaceae;g__Agrocybe	1.0	1.0	1.0	1.0	1.0	1.0	1.0	1.0	1.0	1.0	1.0	1.0	1.0	1.0	444.0	1.0	1.0	1.0	1.0	1.0
k__Fungi;p__Basidiomycota;c__Agaricomycetes;o__Agaricales;f__Bolbitiaceae;g__Bolbitius	1.0	1.0	1.0	1.0	14.0	1.0	1.0	1.0	1.0	5.0	1.0	1.0	1.0	1.0	10.0	1.0	1.0	1.0	1.0	1.0
k__Fungi;p__Basidiomycota;c__Agaricomycetes;o__Agaricales;f__Bolbitiaceae;g__Conocybe	1.0	1.0	1.0	1.0	46.0	1.0	1.0	1.0	1.0	90.0	1.0	1.0	1.0	17.0	1222.0	1.0	1.0	1.0	1.0	33.0
k__Fungi;p__Basidiomycota;c__Agaricomycetes;o__Agaricales;f__Bolbitiaceae;g__Panaeolus	1.0	1.0	1.0	5.5	24.0	1.0	1.0	1.0	1.0	12.0	1.0	1.0	1.0	1.0	222.0	1.0	1.0	1.0	1.0	247.0
k__Fungi;p__Basidiomycota;c__Agaricomycetes;o__Agaricales;f__Entolomataceae;g__Clitopilus	1.0	1.0	1.0	1.0	1.0	1.0	1.0	1.0	1.0	3.0	1.0	1.0	1.0	1.0	1.0	1.0	1.0	1.0	1.0	1.0
k__Fungi;p__Basidiomycota;c__Agaricomycetes;o__Agaricales;f__Entolomataceae;g__Entoloma	1.0	1.0	1.0	1.0	1.0	1.0	1.0	1.0	1.0	8.0	1.0	1.0	1.0	1.0	15.0	1.0	1.0	1.0	1.0	7.0
k__Fungi;p__Basidiomycota;c__Agaricomycetes;o__Agaricales;f__Lycoperdaceae;__	1.0	1.0	1.0	1.0	15.0	1.0	1.0	1.0	1.0	1.0	1.0	1.0	1.0	1.0	1.0	1.0	1.0	1.0	1.0	1.0
k__Fungi;p__Basidiomycota;c__Agaricomycetes;o__Agaricales;f__Lycoperdaceae;g__Calvatia	1.0	1.0	1.0	1.0	1.0	1.0	1.0	1.0	1.0	1.0	1.0	1.0	1.0	1.0	5.0	1.0	1.0	1.0	1.0	50.0
k__Fungi;p__Basidiomycota;c__Agaricomycetes;o__Agaricales;f__Lycoperdaceae;g__Lycoperdon	1.0	1.0	1.0	1.0	3.0	1.0	1.0	1.0	1.0	1.0	1.0	1.0	1.0	1.0	7.0	1.0	1.0	1.0	1.0	5.0
k__Fungi;p__Basidiomycota;c__Agaricomycetes;o__Agaricales;f__Nidulariaceae;g__Cyathus	1.0	1.0	1.0	1.0	1.0	1.0	1.0	1.0	1.0	37.0	1.0	1.0	1.0	1.0	60.0	1.0	1.0	1.0	1.0	1.0
k__Fungi;p__Basidiomycota;c__Agaricomycetes;o__Agaricales;f__Physalacriaceae;g__Physalacria	1.0	1.0	1.0	1.0	20.0	1.0	1.0	1.0	1.0	28.0	1.0	1.0	1.0	1.0	1.0	1.0	1.0	1.0	1.0	16.0
k__Fungi;p__Basidiomycota;c__Agaricomycetes;o__Agaricales;f__Pleurotaceae;g__unidentified	1.0	1.0	1.0	1.0	1.0	1.0	1.0	1.0	4.5	62.0	1.0	1.0	1.0	1.0	1.0	1.0	1.0	1.0	1.0	29.0
k__Fungi;p__Basidiomycota;c__Agaricomycetes;o__Agaricales;f__Pluteaceae;g__Pluteus	1.0	1.0	1.0	1.0	1.0	1.0	1.0	4.5	13.5	189.0	1.0	1.0	1.0	1.0	47.0	1.0	1.0	1.0	1.0	26.0
k__Fungi;p__Basidiomycota;c__Agaricomycetes;o__Agaricales;f__Psathyrellaceae;g__Coprinellus	1.0	1.0	1.0	1.0	7.0	1.0	1.0	1.0	1.0	6.0	1.0	1.0	1.0	17.0	46.0	1.0	1.0	1.0	1.5	62.0
k__Fungi;p__Basidiomycota;c__Agaricomycetes;o__Agaricales;f__Psathyrellaceae;g__Coprinopsis	1.0	1.0	6.0	9.0	15.0	1.0	1.0	1.0	14.75	36.0	1.0	1.0	1.0	6.25	354.0	1.0	1.0	4.0	8.75	145.0
k__Fungi;p__Basidiomycota;c__Agaricomycetes;o__Agaricales;f__Psathyrellaceae;g__Parasola	1.0	1.0	1.0	1.0	4.0	1.0	1.0	1.0	1.0	350.0	1.0	1.0	1.0	1.0	10.0	1.0	1.0	1.0	1.0	8.0
k__Fungi;p__Basidiomycota;c__Agaricomycetes;o__Agaricales;f__Psathyrellaceae;g__Psathyrella	1.0	1.0	1.0	14.5	62.0	1.0	1.0	17.0	874.0	7126.0	1.0	55.5	150.5	488.25	2829.0	1.0	26.5	185.5	380.25	1709.0
k__Fungi;p__Basidiomycota;c__Agaricomycetes;o__Agaricales;f__Strophariaceae;g__Pholiota	1.0	1.0	1.0	1.0	1.0	1.0	1.0	1.0	1.0	1.0	1.0	1.0	1.0	1.0	1.0	1.0	1.0	1.0	1.0	21.0
k__Fungi;p__Basidiomycota;c__Agaricomycetes;o__Agaricales;f__Strophariaceae;g__Psilocybe	1.0	1.0	1.0	12.75	426.0	1.0	1.0	4.5	18.0	203.0	1.0	1.0	1.0	4.5	18.0	1.0	1.0	1.0	2.25	19.0
k__Fungi;p__Basidiomycota;c__Agaricomycetes;o__Agaricales;f__Strophariaceae;g__Stropharia	1.0	1.0	1.0	2.0	10.0	1.0	1.0	25.5	68.75	5152.0	1.0	1.0	1.0	8.0	5360.0	1.0	1.0	1.0	1.0	1.0
k__Fungi;p__Basidiomycota;c__Agaricomycetes;o__Agaricales;f__Strophariaceae;g__Tubaria	1.0	1.0	1.0	10.0	74.0	1.0	1.0	2.5	64.5	325.0	1.0	1.0	8.0	537.5	1899.0	1.0	1.0	4.0	54.0	4702.0
k__Fungi;p__Basidiomycota;c__Agaricomycetes;o__Agaricales;f__Strophariaceae;g__unidentified	1.0	1.0	1.0	1.0	1.0	1.0	1.0	1.0	1.0	54.0	1.0	1.0	1.0	1.0	25.0	1.0	1.0	1.0	1.0	1.0
k__Fungi;p__Basidiomycota;c__Agaricomycetes;o__Agaricales;f__Tricholomataceae;g__Flagelloscypha	1.0	1.0	1.0	10.0	56.0	1.0	1.0	1.0	1.0	1.0	1.0	1.0	1.0	1.0	1.0	1.0	1.0	1.0	1.0	317.0
k__Fungi;p__Basidiomycota;c__Agaricomycetes;o__Agaricales;f__Tricholomataceae;g__Mycena	1.0	1.0	1.0	1.0	1.0	1.0	1.0	1.0	1.0	1.0	1.0	1.0	1.0	1.0	16.0	1.0	1.0	1.0	1.0	1.0
k__Fungi;p__Basidiomycota;c__Agaricomycetes;o__Agaricales;f__unidentified;g__unidentified	1.0	1.0	1.0	1.0	6.0	1.0	1.0	1.0	1.0	1.0	1.0	1.0	1.0	1.0	1.0	1.0	1.0	1.0	1.0	6.0
k__Fungi;p__Basidiomycota;c__Agaricomycetes;o__Auriculariales;__;__	1.0	7.0	33.5	61.0	765.0	1.0	1.0	1.0	2.0	105.0	1.0	1.0	1.0	1.0	67.0	1.0	1.0	1.0	26.75	753.0
k__Fungi;p__Basidiomycota;c__Agaricomycetes;o__Auriculariales;f__Exidiaceae;__	1.0	1.0	5.5	52.25	901.0	1.0	1.0	1.0	1.0	2398.0	1.0	1.0	1.0	1.0	1.0	1.0	1.0	1.0	1.0	1.0
k__Fungi;p__Basidiomycota;c__Agaricomycetes;o__Auriculariales;f__Exidiaceae;g__Exidia	1.0	1.0	1.0	1.0	1.0	1.0	1.0	1.0	1.0	1.0	1.0	1.0	1.0	1.0	1.0	1.0	1.0	1.0	1.0	5.0
k__Fungi;p__Basidiomycota;c__Agaricomycetes;o__Auriculariales;f__Exidiaceae;g__Heteroradulum	1.0	1.0	1.0	1.0	65.0	1.0	1.0	1.0	1.0	5.0	1.0	1.0	1.0	1.0	1.0	1.0	1.0	1.0	1.0	1.0
k__Fungi;p__Basidiomycota;c__Agaricomycetes;o__Auriculariales;f__Exidiaceae;g__unidentified	1.0	3.0	44.0	96.0	264.0	1.0	1.0	7.0	38.25	509.0	1.0	1.0	1.0	107.75	682.0	1.0	1.0	1.0	1.0	104.0
k__Fungi;p__Basidiomycota;c__Agaricomycetes;o__Auriculariales;f__unidentified;g__unidentified	1.0	1.0	112.0	522.5	2348.0	150.0	700.25	1914.0	2846.25	8550.0	1.0	59.75	837.0	3845.5	6376.0	1.0	277.25	948.0	1194.25	2627.0
k__Fungi;p__Basidiomycota;c__Agaricomycetes;o__Cantharellales;f__Cantharellales_fam_Incertae_sedis;g__Sistotrema	1.0	1.0	1.0	1.0	356.0	1.0	1.0	1.0	1.0	1343.0	1.0	1.0	1.0	1.0	1.0	1.0	1.0	1.0	1.0	6.0
k__Fungi;p__Basidiomycota;c__Agaricomycetes;o__Cantharellales;f__Ceratobasidiaceae;__	1.0	1.0	1.0	1.0	113.0	1.0	1.0	1.0	1.0	282.0	1.0	1.0	1.0	168.25	849.0	1.0	1.0	1.0	7.25	1222.0
k__Fungi;p__Basidiomycota;c__Agaricomycetes;o__Cantharellales;f__Ceratobasidiaceae;g__Ceratobasidium	1.0	1.0	1.0	1.0	9.0	1.0	1.0	1.0	1.0	38.0	1.0	1.0	20.5	133.75	1557.0	1.0	1.0	1.0	99.25	1429.0
k__Fungi;p__Basidiomycota;c__Agaricomycetes;o__Cantharellales;f__Ceratobasidiaceae;g__Rhizoctonia	1.0	22.0	52.0	336.5	1632.0	1.0	1.0	328.0	962.0	2300.0	1.0	1.0	12.5	202.25	2502.0	1.0	1.0	1.0	39.75	524.0
k__Fungi;p__Basidiomycota;c__Agaricomycetes;o__Cantharellales;f__Ceratobasidiaceae;g__Thanatephorus	1.0	1.0	1.0	1.0	637.0	1.0	1.0	1.0	17.75	63.0	1.0	1.0	1.0	3.25	434.0	1.0	1.0	27.5	159.0	406.0
k__Fungi;p__Basidiomycota;c__Agaricomycetes;o__Cantharellales;f__Ceratobasidiaceae;g__unidentified	1.0	1.0	1.0	7.25	230.0	1.0	1.0	1.0	8.25	36.0	1.0	1.0	1.0	1.0	867.0	1.0	1.0	1.0	1.0	1190.0
k__Fungi;p__Basidiomycota;c__Agaricomycetes;o__Corticiales;f__Punctulariaceae;g__Punctularia	1.0	1.0	1.0	1.0	1.0	1.0	1.0	1.0	1.0	4.0	1.0	1.0	1.0	1.0	1.0	1.0	1.0	1.0	1.0	1.0
k__Fungi;p__Basidiomycota;c__Agaricomycetes;o__Hymenochaetales;f__Hymenochaetaceae;g__Phellinus	1.0	1.0	1.0	1.0	1.0	1.0	1.0	1.0	1.0	5.0	1.0	1.0	1.0	1.0	1.0	1.0	1.0	1.0	1.0	1.0
k__Fungi;p__Basidiomycota;c__Agaricomycetes;o__Hymenochaetales;f__Schizoporaceae;g__Hyphodontia	1.0	1.0	1.0	1.0	11.0	1.0	1.0	1.0	1.0	1.0	1.0	1.0	1.0	1.0	1.0	1.0	1.0	1.0	1.0	13.0
k__Fungi;p__Basidiomycota;c__Agaricomycetes;o__Phallales;f__Phallaceae;g__Phallus	1.0	1.0	1.0	1.0	4.0	1.0	1.0	1.0	1.0	1.0	1.0	1.0	1.0	1.0	45.0	1.0	1.0	1.0	1.0	1.0
k__Fungi;p__Basidiomycota;c__Agaricomycetes;o__Polyporales;__;__	1.0	1.0	1.0	1.0	1.0	1.0	1.0	1.0	1.0	4.0	1.0	1.0	1.0	1.0	1.0	1.0	1.0	1.0	1.0	1.0
k__Fungi;p__Basidiomycota;c__Agaricomycetes;o__Polyporales;f__Ganodermataceae;__	1.0	1.0	1.0	1.0	7.0	1.0	1.0	1.0	1.0	1.0	1.0	1.0	1.0	1.0	1.0	1.0	1.0	1.0	1.0	1.0
k__Fungi;p__Basidiomycota;c__Agaricomycetes;o__Polyporales;f__Ganodermataceae;g__Ganoderma	1.0	1.0	1.0	2.5	12.0	1.0	1.0	1.0	1.0	8.0	1.0	1.0	1.0	2.5	41.0	1.0	1.0	1.0	2.0	7.0
k__Fungi;p__Basidiomycota;c__Agaricomycetes;o__Polyporales;f__Ganodermataceae;g__Perenniporia	1.0	1.0	1.0	1.0	1.0	1.0	1.0	1.0	1.0	1.0	1.0	1.0	1.0	1.0	7.0	1.0	1.0	1.0	1.0	1.0
k__Fungi;p__Basidiomycota;c__Agaricomycetes;o__Polyporales;f__Hyphodermataceae;g__Hyphoderma	1.0	1.0	1.0	1.0	26.0	1.0	1.0	1.0	1.0	1.0	1.0	1.0	1.0	1.0	1.0	1.0	1.0	1.0	1.0	1.0
k__Fungi;p__Basidiomycota;c__Agaricomycetes;o__Polyporales;f__Meruliaceae;__	1.0	1.0	1.0	1.0	1.0	1.0	1.0	1.0	1.0	1.0	1.0	1.0	1.0	1.0	5.0	1.0	1.0	1.0	1.0	1.0
k__Fungi;p__Basidiomycota;c__Agaricomycetes;o__Polyporales;f__Meruliaceae;g__Bjerkandera	1.0	1.0	1.0	1.0	1.0	1.0	1.0	1.0	1.0	1.0	1.0	1.0	1.0	1.0	1.0	1.0	1.0	1.0	1.0	7.0
k__Fungi;p__Basidiomycota;c__Agaricomycetes;o__Polyporales;f__Meruliaceae;g__Sarcodontia	1.0	1.0	1.0	1.0	1.0	1.0	1.0	1.0	1.0	9.0	1.0	1.0	1.0	1.0	1.0	1.0	1.0	1.0	1.0	1.0
k__Fungi;p__Basidiomycota;c__Agaricomycetes;o__Polyporales;f__Meruliaceae;g__Uncobasidium	1.0	1.0	1.0	1.0	1.0	1.0	1.0	1.0	1.0	4.0	1.0	1.0	1.0	1.0	1.0	1.0	1.0	1.0	1.0	32.0
k__Fungi;p__Basidiomycota;c__Agaricomycetes;o__Polyporales;f__Podoscyphaceae;g__Hypochnicium	1.0	1.0	1.0	1.0	1.0	1.0	1.0	1.0	1.0	4.0	1.0	1.0	1.0	1.0	1.0	1.0	1.0	1.0	1.0	1.0
k__Fungi;p__Basidiomycota;c__Agaricomycetes;o__Polyporales;f__Steccherinaceae;g__Ceriporiopsis	1.0	1.0	1.0	1.0	1.0	1.0	1.0	1.0	1.0	1.0	1.0	1.0	1.0	1.0	4.0	1.0	1.0	1.0	1.0	1.0
k__Fungi;p__Basidiomycota;c__Agaricomycetes;o__Polyporales;f__Steccherinaceae;g__Steccherinum	1.0	1.0	1.0	1.0	1.0	1.0	1.0	1.0	1.0	4.0	1.0	1.0	1.0	1.0	1.0	1.0	1.0	1.0	1.0	3.0
k__Fungi;p__Basidiomycota;c__Agaricomycetes;o__Polyporales;f__Xenasmataceae;g__Xenasmatella	1.0	1.0	1.0	1.0	5.0	1.0	1.0	1.0	1.0	1.0	1.0	1.0	1.0	1.0	1.0	1.0	1.0	1.0	1.0	1.0
k__Fungi;p__Basidiomycota;c__Agaricomycetes;o__Russulales;f__Gloeocystidiellaceae;g__Gloeocystidiellum	1.0	1.0	1.0	1.0	1.0	1.0	1.0	1.0	1.0	1.0	1.0	1.0	1.0	1.0	48.0	1.0	1.0	1.0	1.0	1.0
k__Fungi;p__Basidiomycota;c__Agaricomycetes;o__Russulales;f__Peniophoraceae;g__Peniophora	1.0	1.0	1.0	1.0	8.0	1.0	1.0	1.0	1.0	1.0	1.0	1.0	1.0	1.0	1.0	1.0	1.0	1.0	1.0	1.0
k__Fungi;p__Basidiomycota;c__Agaricomycetes;o__Russulales;f__Peniophoraceae;g__Subulicystidium	1.0	1.0	1.0	1.0	1.0	1.0	1.0	1.0	15.5	133.0	1.0	1.0	1.0	49.25	358.0	1.0	1.0	1.0	4.5	55.0
k__Fungi;p__Basidiomycota;c__Agaricomycetes;o__Russulales;f__Peniophoraceae;g__unidentified	1.0	1.0	1.0	1.0	1.0	1.0	1.0	1.0	1.0	1.0	1.0	1.0	1.0	1.0	4.0	1.0	1.0	1.0	1.0	1.0
k__Fungi;p__Basidiomycota;c__Agaricomycetes;o__Sebacinales;__;__	1.0	1.0	16.5	124.0	248.0	1.0	1.0	24.5	201.25	2681.0	1.0	1.0	1.0	1.0	4184.0	1.0	1.0	1.0	15.0	31.0
k__Fungi;p__Basidiomycota;c__Agaricomycetes;o__Sebacinales;f__Serendipitaceae;__	1.0	1.0	1.0	1.0	81.0	1.0	1.0	1.0	1.0	5.0	1.0	1.0	1.0	1.0	1.0	1.0	1.0	1.0	1.0	1.0
k__Fungi;p__Basidiomycota;c__Agaricomycetes;o__Sebacinales;f__Serendipitaceae;g__unidentified	1.0	1.0	1.0	1.0	1.0	1.0	1.0	1.0	1.0	81.0	1.0	1.0	1.0	1.0	21.0	1.0	1.0	1.0	1.0	4.0
k__Fungi;p__Basidiomycota;c__Agaricomycetes;o__Sebacinales;f__unidentified;g__unidentified	1.0	1.0	1.0	1.0	1.0	1.0	1.0	1.0	1.0	1.0	1.0	1.0	1.0	1.0	11.0	1.0	1.0	1.0	1.0	1.0
k__Fungi;p__Basidiomycota;c__Agaricomycetes;o__Thelephorales;f__Thelephoraceae;g__Tomentellopsis	1.0	1.0	1.0	1.0	16.0	1.0	1.0	1.0	1.0	7.0	1.0	1.0	1.0	1.0	1.0	1.0	1.0	1.0	1.0	1.0
k__Fungi;p__Basidiomycota;c__Agaricomycetes;o__Thelephorales;f__Thelephoraceae;g__unidentified	1.0	1.0	1.0	1.0	1.0	1.0	1.0	1.0	1.0	3.0	1.0	1.0	1.0	1.0	1.0	1.0	1.0	1.0	1.0	1.0
k__Fungi;p__Basidiomycota;c__Agaricomycetes;o__unidentified;f__unidentified;g__unidentified	1.0	1.0	2.0	32.5	262.0	1.0	1.0	1.0	1.0	1.0	1.0	1.0	1.0	14.0	48.0	1.0	1.0	1.0	1.5	8.0
k__Fungi;p__Basidiomycota;c__Agaricostilbomycetes;o__Agaricostilbales;f__Chionosphaeraceae;g__Ballistosporomyces	1.0	1.0	1.0	1.0	9.0	1.0	1.0	1.0	1.0	1.0	1.0	1.0	1.0	1.0	1.0	1.0	1.0	1.0	1.0	1.0
k__Fungi;p__Basidiomycota;c__Agaricostilbomycetes;o__Agaricostilbales;f__Chionosphaeraceae;g__Kurtzmanomyces	1.0	1.0	1.0	1.0	5.0	1.0	1.0	1.0	1.0	8.0	1.0	1.0	1.0	1.0	1.0	1.0	1.0	1.0	1.0	1.0
k__Fungi;p__Basidiomycota;c__Agaricostilbomycetes;o__Agaricostilbales;f__Chionosphaeraceae;g__unidentified	1.0	1.0	1.0	1.0	10.0	1.0	1.0	1.0	1.0	1.0	1.0	1.0	1.0	1.0	1.0	1.0	1.0	1.0	1.0	1.0
k__Fungi;p__Basidiomycota;c__Agaricostilbomycetes;o__Agaricostilbales;f__Kondoaceae;g__Kondoa	1.0	1.0	1.0	1.0	1.0	1.0	1.0	1.0	1.0	3.0	1.0	1.0	1.0	1.0	1.0	1.0	1.0	1.0	1.0	3.0
k__Fungi;p__Basidiomycota;c__Cystobasidiomycetes;o__Cystobasidiales;f__Cystobasidiaceae;g__Occultifur	1.0	8.75	12.5	38.75	54.0	1.0	7.25	12.0	14.75	35.0	1.0	1.0	1.0	3.25	18.0	1.0	1.0	1.0	1.0	10.0
k__Fungi;p__Basidiomycota;c__Cystobasidiomycetes;o__Cystobasidiomycetes_ord_Incertae_sedis;f__Symmetrosporaceae;g__Symmetrospora	1.0	1.0	1.0	1.0	18.0	1.0	1.0	1.0	1.0	1.0	1.0	1.0	1.0	1.0	1.0	1.0	1.0	1.0	1.0	1.0
k__Fungi;p__Basidiomycota;c__Cystobasidiomycetes;o__Erythrobasidiales;f__Erythrobasidiales_fam_Incertae_sedis;g__Sakaguchia	1.0	1.0	1.0	1.0	108.0	1.0	1.0	1.0	1.0	1.0	1.0	1.0	1.0	1.0	5.0	1.0	1.0	1.0	1.0	1.0
k__Fungi;p__Basidiomycota;c__Exobasidiomycetes;o__Entylomatales;f__Entylomatales_fam_Incertae_sedis;g__Tilletiopsis	1.0	1.0	1.0	1.5	5.0	1.0	1.0	1.0	1.0	8.0	1.0	1.0	1.0	1.0	1.0	1.0	1.0	1.0	2.25	12.0
k__Fungi;p__Basidiomycota;c__Exobasidiomycetes;o__Golubeviales;f__Golubeviaceae;g__Golubevia	1.0	1.0	1.0	1.0	1.0	1.0	1.0	1.0	1.0	1.0	1.0	1.0	1.0	1.0	5.0	1.0	1.0	1.0	5.0	6.0
k__Fungi;p__Basidiomycota;c__Malasseziomycetes;o__Malasseziales;f__Malasseziaceae;g__Malassezia	1.0	1.0	1.0	2.25	27.0	1.0	1.0	1.0	1.0	18.0	1.0	1.0	1.0	6.25	35.0	1.0	1.0	1.0	1.0	8.0
k__Fungi;p__Basidiomycota;c__Microbotryomycetes;o__Leucosporidiales;f__Leucosporidiaceae;g__Leucosporidium	1.0	1.0	1.0	5.5	23.0	1.0	1.0	1.0	4.25	15.0	1.0	1.0	1.0	1.0	41.0	1.0	1.0	1.0	1.0	1.0
k__Fungi;p__Basidiomycota;c__Microbotryomycetes;o__Leucosporidiales;f__unidentified;g__unidentified	1.0	1.0	1.0	1.0	1.0	1.0	1.0	1.0	1.0	8.0	1.0	1.0	1.0	1.0	7.0	1.0	1.0	1.0	1.0	1.0
k__Fungi;p__Basidiomycota;c__Microbotryomycetes;o__Microbotryomycetes_ord_Incertae_sedis;f__Chrysozymaceae;g__Chrysozyma	1.0	1.0	1.0	1.0	5.0	1.0	1.0	1.0	1.0	1.0	1.0	1.0	1.0	1.0	1.0	1.0	1.0	1.0	1.0	1.0
k__Fungi;p__Basidiomycota;c__Microbotryomycetes;o__Microbotryomycetes_ord_Incertae_sedis;f__Chrysozymaceae;g__Sampaiozyma	1.0	1.0	1.0	1.0	1.0	1.0	1.0	1.0	1.0	1.0	1.0	1.0	1.0	1.0	1.0	1.0	1.0	1.0	1.0	6.0
k__Fungi;p__Basidiomycota;c__Microbotryomycetes;o__Sporidiobolales;f__Sporidiobolaceae;g__Rhodotorula	1.0	1.0	1.0	1.0	3.0	1.0	1.0	1.0	1.0	1.0	1.0	1.0	1.0	1.0	1.0	1.0	1.0	1.0	1.0	1.0
k__Fungi;p__Basidiomycota;c__Microbotryomycetes;o__Sporidiobolales;f__Sporidiobolaceae;g__Sporobolomyces	1.0	1.0	1.0	6.25	12.0	1.0	1.0	1.0	1.75	29.0	1.0	1.0	1.0	1.75	15.0	1.0	1.0	2.0	6.25	11.0
k__Fungi;p__Basidiomycota;c__Microbotryomycetes;o__Sporidiobolales;f__unidentified;g__unidentified	1.0	1.0	1.0	1.0	1.0	1.0	1.0	1.0	1.0	1.0	1.0	1.0	1.0	1.0	1.0	1.0	1.0	1.0	1.0	8.0
k__Fungi;p__Basidiomycota;c__Pucciniomycetes;o__Platygloeales;__;__	1.0	1.0	1.0	1.0	1.0	1.0	1.0	1.0	1.0	9.0	1.0	1.0	1.0	1.0	1.0	1.0	1.0	1.0	1.0	1.0
k__Fungi;p__Basidiomycota;c__Tremellomycetes;__;__;__	1.0	1.0	1.0	1.0	1.0	1.0	1.0	1.0	1.0	5.0	1.0	1.0	1.0	1.0	1.0	1.0	1.0	1.0	1.0	1.0
k__Fungi;p__Basidiomycota;c__Tremellomycetes;o__Cystofilobasidiales;f__Cystofilobasidiaceae;g__Cystofilobasidium	1.0	1.0	1.0	1.0	8.0	1.0	1.0	1.0	1.0	1.0	1.0	1.0	1.0	1.0	1.0	1.0	1.0	1.0	1.0	1.0
k__Fungi;p__Basidiomycota;c__Tremellomycetes;o__Cystofilobasidiales;f__Mrakiaceae;g__Mrakia	1.0	8.5	21.5	39.0	118.0	1.0	3.25	10.0	16.75	136.0	1.0	1.0	3.0	13.5	83.0	1.0	1.0	1.0	4.25	13.0
k__Fungi;p__Basidiomycota;c__Tremellomycetes;o__Cystofilobasidiales;f__Mrakiaceae;g__Tausonia	1.0	25.25	46.5	81.25	237.0	5.0	15.5	27.0	48.5	209.0	1.0	1.0	10.5	19.0	75.0	1.0	8.25	17.0	23.0	213.0
k__Fungi;p__Basidiomycota;c__Tremellomycetes;o__Filobasidiales;f__Filobasidiaceae;g__Heterocephalacria	1.0	1.0	1.0	2.25	6.0	1.0	1.0	1.0	1.0	301.0	1.0	1.0	1.0	1.0	1.0	1.0	1.0	1.0	1.0	32.0
k__Fungi;p__Basidiomycota;c__Tremellomycetes;o__Filobasidiales;f__Piskurozymaceae;g__Solicoccozyma	1.0	71.75	123.0	139.75	374.0	17.0	47.0	89.5	162.25	289.0	1.0	7.75	31.0	65.25	114.0	1.0	29.75	42.5	56.0	90.0
k__Fungi;p__Basidiomycota;c__Tremellomycetes;o__Holtermanniales;f__Holtermanniales_fam_Incertae_sedis;g__Holtermanniella	1.0	1.0	1.0	1.0	1.0	1.0	1.0	1.0	1.0	5.0	1.0	1.0	1.0	1.0	1.0	1.0	1.0	1.0	1.0	1.0
k__Fungi;p__Basidiomycota;c__Tremellomycetes;o__Tremellales;__;__	1.0	1.0	1.0	14.75	24.0	1.0	1.0	6.0	12.5	33.0	1.0	1.0	1.0	7.25	20.0	1.0	1.0	1.0	9.0	17.0
k__Fungi;p__Basidiomycota;c__Tremellomycetes;o__Tremellales;f__Bulleribasidiaceae;g__Bulleribasidium	1.0	1.0	1.0	1.0	1.0	1.0	1.0	1.0	1.0	1.0	1.0	1.0	1.0	1.0	1.0	1.0	1.0	1.0	1.0	3.0
k__Fungi;p__Basidiomycota;c__Tremellomycetes;o__Tremellales;f__Bulleribasidiaceae;g__Dioszegia	1.0	1.0	1.0	2.0	19.0	1.0	1.0	2.5	8.25	39.0	1.0	1.0	1.0	2.75	85.0	1.0	1.0	1.0	2.75	18.0
k__Fungi;p__Basidiomycota;c__Tremellomycetes;o__Tremellales;f__Bulleribasidiaceae;g__Hannaella	1.0	32.5	63.0	117.75	196.0	1.0	27.0	44.0	69.75	336.0	1.0	19.25	30.0	147.0	2481.0	1.0	21.0	30.5	59.5	120.0
k__Fungi;p__Basidiomycota;c__Tremellomycetes;o__Tremellales;f__Bulleribasidiaceae;g__Vishniacozyma	1.0	1.0	1.0	1.0	12.0	1.0	1.0	1.0	1.5	26.0	1.0	1.0	1.0	1.0	70.0	1.0	1.0	1.0	3.25	11.0
k__Fungi;p__Basidiomycota;c__Tremellomycetes;o__Tremellales;f__Cuniculitremaceae;g__Kockovaella	1.0	1.0	1.0	1.0	4.0	1.0	1.0	1.0	1.0	10.0	1.0	1.0	1.0	1.0	1.0	1.0	1.0	1.0	1.0	1.0
k__Fungi;p__Basidiomycota;c__Tremellomycetes;o__Tremellales;f__Rhynchogastremataceae;g__Papiliotrema	1.0	1.0	1.0	2.75	12.0	1.0	1.0	1.0	1.0	45.0	1.0	1.0	1.0	1.75	51.0	1.0	1.0	1.0	4.25	19.0
k__Fungi;p__Basidiomycota;c__Tremellomycetes;o__Tremellales;f__Tremellaceae;g__Bulleromyces	1.0	1.0	12.5	20.0	39.0	1.0	2.5	7.0	11.25	136.0	1.0	1.0	1.0	32.25	137.0	1.0	1.0	9.0	23.0	139.0
k__Fungi;p__Basidiomycota;c__Tremellomycetes;o__Tremellales;f__Tremellaceae;g__Cryptococcus	1.0	1.0	1.0	1.0	27.0	1.0	1.0	1.0	1.0	8.0	1.0	1.0	1.0	4.25	17.0	1.0	1.0	1.0	5.25	13.0
k__Fungi;p__Basidiomycota;c__Tremellomycetes;o__Tremellales;f__Trimorphomycetaceae;g__Saitozyma	1.0	1.0	1.0	1.0	11.0	1.0	1.0	1.0	1.0	1.0	1.0	1.0	1.0	1.0	1.0	1.0	1.0	1.0	1.0	1.0
k__Fungi;p__Basidiomycota;c__Tremellomycetes;o__Tremellales;f__unidentified;g__unidentified	1.0	1.0	1.0	1.0	11.0	1.0	1.0	1.0	1.0	1.0	1.0	1.0	1.0	1.0	1.0	1.0	1.0	1.0	1.0	10.0
k__Fungi;p__Basidiomycota;c__Tremellomycetes;o__Trichosporonales;f__Trichosporonaceae;g__Vanrija	1.0	1.0	1.0	1.0	3.0	1.0	1.0	1.0	1.0	1.0	1.0	1.0	1.0	1.0	3.0	1.0	1.0	1.0	1.0	1.0
k__Fungi;p__Basidiomycota;c__Ustilaginomycetes;o__Ustilaginales;f__Ustilaginaceae;g__Moesziomyces	1.0	1.0	1.0	1.0	1.0	1.0	1.0	1.0	1.0	1.0	1.0	1.0	1.0	1.0	6.0	1.0	1.0	1.0	1.0	5.0
k__Fungi;p__Basidiomycota;c__Ustilaginomycetes;o__Ustilaginales;f__Ustilaginaceae;g__Pseudozyma	1.0	1.0	1.0	1.0	1.0	1.0	1.0	1.0	1.0	3.0	1.0	1.0	1.0	1.0	1.0	1.0	1.0	1.0	1.0	4.0
k__Fungi;p__Basidiomycota;c__Ustilaginomycetes;o__Ustilaginales;f__Ustilaginaceae;g__Ustilago	1.0	1.0	1.0	1.0	5.0	1.0	1.0	1.0	2.25	17.0	1.0	1.0	1.0	1.0	7.0	1.0	1.0	1.0	1.0	7.0
k__Fungi;p__Basidiomycota;c__unidentified;o__unidentified;f__unidentified;g__unidentified	1.0	1.0	1.0	1.0	6.0	1.0	1.0	1.0	1.0	6.0	1.0	1.0	1.0	1.0	1.0	1.0	1.0	1.0	1.0	4.0
k__Fungi;p__Chytridiomycota;c__Rhizophlyctidomycetes;o__Rhizophlyctidales;f__Rhizophlyctidaceae;g__Rhizophlyctis	1.0	1.0	1.0	14.5	35.0	1.0	1.0	1.0	1.0	22.0	1.0	1.0	1.0	1.0	809.0	1.0	1.0	1.0	1.0	1.0
k__Fungi;p__Chytridiomycota;c__Spizellomycetes;o__Spizellomycetales;f__Powellomycetaceae;g__Powellomyces	1.0	1.0	1.0	1.0	12.0	1.0	1.0	1.0	1.0	4.0	1.0	1.0	1.0	2.0	29.0	1.0	1.0	10.5	18.0	39.0
k__Fungi;p__Chytridiomycota;c__Spizellomycetes;o__Spizellomycetales;f__Spizellomycetaceae;g__Kochiomyces	1.0	1.0	1.0	1.0	1.0	1.0	1.0	1.0	1.0	1.0	1.0	1.0	1.0	1.0	1.0	1.0	1.0	1.0	1.0	3.0
k__Fungi;p__Chytridiomycota;c__Spizellomycetes;o__Spizellomycetales;f__Spizellomycetaceae;g__Spizellomyces	1.0	1.0	1.0	1.0	1.0	1.0	1.0	1.0	1.0	1.0	1.0	1.0	1.0	1.0	1.0	1.0	1.0	1.0	1.0	7.0
k__Fungi;p__Chytridiomycota;c__unidentified;o__unidentified;f__unidentified;g__unidentified	1.0	5.5	11.5	18.0	58.0	1.0	1.0	8.0	15.75	30.0	1.0	1.0	1.0	5.25	11.0	1.0	1.0	7.5	19.25	74.0
k__Fungi;p__Glomeromycota;__;__;__;__	1.0	1.0	1.0	1.0	1.0	1.0	1.0	1.0	8.25	50.0	1.0	1.0	1.0	1.0	1.0	1.0	1.0	1.0	1.0	10.0
k__Fungi;p__Glomeromycota;c__Glomeromycetes;o__Diversisporales;f__Acaulosporaceae;g__Acaulospora	1.0	1.0	1.0	1.0	40.0	1.0	1.0	1.0	1.0	1.0	1.0	1.0	1.0	1.0	1.0	1.0	1.0	1.0	1.0	1.0
k__Fungi;p__Glomeromycota;c__Glomeromycetes;o__Diversisporales;f__unidentified;g__unidentified	1.0	1.0	1.0	1.0	45.0	1.0	1.0	1.0	1.0	1.0	1.0	1.0	1.0	1.0	1.0	1.0	1.0	1.0	1.0	21.0
k__Fungi;p__Glomeromycota;c__Glomeromycetes;o__Gigasporales;f__Gigasporaceae;g__Gigaspora	1.0	1.0	1.0	1.0	12.0	1.0	1.0	1.0	1.0	12.0	1.0	1.0	1.0	1.0	1.0	1.0	1.0	1.0	1.0	13.0
k__Fungi;p__Glomeromycota;c__Glomeromycetes;o__Glomerales;__;__	1.0	1.0	1.0	1.0	6.0	1.0	1.0	1.0	1.0	1.0	1.0	1.0	1.0	1.0	1.0	1.0	1.0	1.0	1.0	1.0
k__Fungi;p__Glomeromycota;c__Glomeromycetes;o__Glomerales;f__Claroideoglomeraceae;g__Claroideoglomus	1.0	1.0	1.0	1.0	1.0	1.0	1.0	1.0	1.0	30.0	1.0	1.0	1.0	1.0	1.0	1.0	1.0	1.0	1.0	1.0
k__Fungi;p__Glomeromycota;c__Glomeromycetes;o__Glomerales;f__Glomeraceae;__	1.0	4.75	13.5	37.0	76.0	1.0	1.0	8.0	16.5	118.0	1.0	1.0	5.5	49.75	213.0	1.0	10.0	49.5	99.25	1012.0
k__Fungi;p__Glomeromycota;c__Glomeromycetes;o__Glomerales;f__Glomeraceae;g__Funneliformis	1.0	1.0	1.0	1.0	1.0	1.0	1.0	1.0	7.5	13.0	1.0	1.0	1.0	1.0	17.0	1.0	1.0	1.0	1.0	16.0
k__Fungi;p__Glomeromycota;c__Glomeromycetes;o__Glomerales;f__Glomeraceae;g__Glomus	1.0	1.0	17.5	51.0	75.0	1.0	1.0	11.0	21.75	56.0	1.0	1.0	1.0	2.5	15.0	1.0	1.0	1.0	11.75	30.0
k__Fungi;p__Glomeromycota;c__Glomeromycetes;o__Glomerales;f__Glomeraceae;g__Rhizophagus	1.0	1.0	11.0	85.5	183.0	1.0	6.25	16.0	52.5	286.0	1.0	1.0	26.5	58.0	546.0	1.0	56.75	111.5	243.5	2569.0
k__Fungi;p__Glomeromycota;c__Glomeromycetes;o__Glomerales;f__Glomeraceae;g__Septoglomus	1.0	1.0	1.0	2.0	43.0	1.0	1.0	1.0	1.0	32.0	1.0	1.0	1.0	1.0	16.0	1.0	1.0	1.0	1.0	14.0
k__Fungi;p__Glomeromycota;c__Glomeromycetes;o__Glomerales;f__Glomeraceae;g__unidentified	1.0	1.0	2.5	8.5	54.0	1.0	1.0	6.0	14.25	120.0	1.0	1.0	1.0	2.75	67.0	1.0	3.25	10.0	24.5	423.0
k__Fungi;p__Glomeromycota;c__Paraglomeromycetes;__;__;__	1.0	1.0	1.0	1.0	7.0	1.0	1.0	1.0	1.0	1.0	1.0	1.0	1.0	1.0	1.0	1.0	1.0	1.0	1.0	1.0
k__Fungi;p__Glomeromycota;c__Paraglomeromycetes;o__Paraglomerales;__;__	1.0	1.0	1.0	1.0	1.0	1.0	1.0	1.0	1.0	1.0	1.0	1.0	1.0	1.0	22.0	1.0	1.0	1.0	1.0	21.0
k__Fungi;p__Glomeromycota;c__Paraglomeromycetes;o__Paraglomerales;f__Paraglomeraceae;g__Paraglomus	1.0	1.0	1.0	1.0	13.0	1.0	1.0	1.0	1.0	31.0	1.0	1.0	1.0	1.0	1.0	1.0	1.0	1.0	1.0	1.0
k__Fungi;p__Glomeromycota;c__Paraglomeromycetes;o__unidentified;f__unidentified;g__unidentified	1.0	1.0	1.0	2.0	9.0	1.0	1.0	1.0	1.0	6.0	1.0	1.0	1.0	1.0	1.0	1.0	1.0	1.0	1.0	5.0
k__Fungi;p__Kickxellomycota;c__Kickxellomycetes;o__Kickxellales;f__Kickxellaceae;g__Ramicandelaber	1.0	1.0	7.5	18.25	23.0	1.0	1.0	5.5	13.0	22.0	1.0	1.0	1.0	8.75	24.0	1.0	4.75	8.0	26.5	100.0
k__Fungi;p__Mortierellomycota;__;__;__;__	1.0	1.0	1.0	15.5	111.0	1.0	1.0	4.0	36.25	90.0	1.0	1.0	1.0	19.75	272.0	1.0	1.0	16.5	68.5	595.0
k__Fungi;p__Mortierellomycota;c__Mortierellomycetes;o__Mortierellales;f__Mortierellaceae;g__Mortierella	63.0	816.5	1418.0	2374.5	8906.0	658.0	943.25	1651.0	1943.0	12292.0	1.0	123.25	686.0	1054.5	3032.0	112.0	816.75	1542.5	1844.25	4672.0
k__Fungi;p__Mucoromycota;c__Mucoromycetes;o__Mucorales;f__Mucoraceae;g__Mucor	1.0	1.0	1.0	1.0	3.0	1.0	1.0	1.0	1.0	3.0	1.0	1.0	1.0	1.0	1.0	1.0	1.0	1.0	1.0	3.0
k__Fungi;p__Rozellomycota;__;__;__;__	1.0	1.0	1.0	1.0	1.0	1.0	1.0	1.0	2.0	6.0	1.0	1.0	1.0	1.0	6.0	1.0	1.0	1.0	1.0	1.0
k__Fungi;p__Rozellomycota;c__Rozellomycotina_cls_Incertae_sedis;o__GS02;f__unidentified;g__unidentified	1.0	1.0	1.0	1.0	1.0	1.0	1.0	1.0	1.0	1.0	1.0	1.0	1.0	1.0	1.0	1.0	1.0	1.0	1.0	12.0
k__Fungi;p__Rozellomycota;c__unidentified;o__unidentified;f__unidentified;g__unidentified	1.0	11.5	58.5	179.75	347.0	1.0	1.0	34.0	98.0	373.0	1.0	1.0	3.0	80.25	260.0	1.0	1.0	33.5	151.0	298.0
k__Fungi;p__unidentified;c__unidentified;o__unidentified;f__unidentified;g__unidentified	82.0	3856.25	5121.0	6757.75	11075.0	2978.0	3866.25	6177.5	7345.75	10332.0	1.0	1866.25	2819.0	6983.0	17334.0	570.0	3210.25	4402.5	6009.5	9711.0
