GENE,g.position,Codon,p.CHANGE,rs#,GRCh37,REF,ALT,PATHO?,NEuroX2,,,,,
APP,g.269520G>A,678,p.Asp678Asn,63750064,21:27269917:G:A,G,A,YES,NA,,,,,
APP,g.278679G>A,682,p.Glu682Lys,NA,NA,G,A,YES,NA,,,,,
APP,g.275269G>A,693,p.Glu693Lys,63750579,21:27264168:G:A,G,A,YES,NA,,,,,
APP,g.275269G>C,693,p.Glu693Gln,63750579,21:27264168:G:C,G,C,YES,NA,,,,,
APP,g.275271_275273delAGA,693,p.Glu693del,NA,NA,AGA,,YES,NA,,,,,
APP,g.275333C>T,714,p.Thr714Ile,63750973,21:27264104:C:T,C,T,YES,NA,,,,,
APP,g.275340C>G,716,p.Ile716Met,NA,21:27264097:G:C,C,G,YES,NA,,,,,
APP,g.275341G>A,717,p.Val717Ile,63750264,21:27264096:G:A,G,A,YES,NA,,,,,
APP,g.275342T>G,717,p.Val717Gly,63749964,21:27264095:T:G,T,G,YES,NA,,,,,
APP,g.275360T>C,723,p.Leu723Pro,63751122,21:27264077:T:C,T,C,YES,NA,,,,,
APP,g.275364G>C,724,p.Lys724Asn,63750151,21:27264073:G:C,G,C,YES,NA,,,,,
APP,g.275305C>G,705,p.Leu705Val,63750921,21:27264132:C:G,C,G,YES,p.Leu705Val,,,,,
APP,g.275336T>C,715,p.Val715Ala,63750868,21:27264101:A:G,T,C,YES,p.Val715Ala,,,,,
APP,g.275339T>C,716,p.Ile716Thr,63750851,21:27264098:A:G,T,C,YES,p.Ile716Thr,,,,,
APP,g.275335G>A,715,p.Val715Met,63750734,21:27264102:C:T,G,A,YES,p.Val715Met,,,,,
APP,g.275267C>G,692,p.Ala692Gly,63750671,21:27264170:C:G,C,G,YES,p.Ala692Gly,,,,,
APP,g.275332A>G,714,p.Thr714Ala,63750643,21:27264105:C:T,A,G,YES,p.Thr714Ala,,,,,
APP,g.275338A>G,716,p.Ile716Val,63750399,21:27264099:C:T,A,G,YES,p.Ile716Val,,,,,
APP,g.275338A>T,716,p.Ile716Phe,63750399,21:27264099:A:T,A,T,YES,p.Ile716Phe,,,,,
APP,g.275341G>C,717,p.Val717Leu,63750264,21:27264096:C:G,G,C,YES,p.Val717Leu,,,,,
APP,g.275341G>T,717,p.Val717Phe,63750264,21:27264096:A:C,G,T,YES,p.Val717Phe,,,,,
APP,g.275270A>G,693,p.Glu693Gly,63751039,21:27264167:C:T,A,G,YES,p.Glu693Gly,,,,,
APP,g.275272G>A,694,p.Asp694Asn,63749810,21:27264165:C:T,G,A,YES,p.Asp694Asn,,,,,
CHMP2B,g.25950C>T,165,p.Gln165X,63750355,3:87302622:C:T,C,T,YES,,,,,,
CHMP2B,g.26189G>C,,p.Danishp.,63750652,3:87302861:G:C,G,C,YES,,,,,,
CHMP2B,g.25899G>T,148,p.Asp148Tyr,63750653,3:87302571:G:T,G,T,YES,,,,,,
CHMP2B,g.26276A>C,206,p.Gln206His,63751126,3:87302948:A:C,A,C,YES,,,,,,
FUS,g.2430_2432delCTT,57,p.Ser57del,777545405,16:31193959:TTC:*,CTT,,YES,,,,,,
FUS,g.4126G>A,156,p.Gly156Glu,NA,NA,G,A,YES,,,,,,
FUS,g.4875G>T,225,p.Gly225Val,NA,16:31196410:G:T,G,T,YES,,,,,,
FUS,g.4889G>T,230,p.Gly230Cys,748374535,16:31196424:G:T,G,T,YES,,,,,,
FUS,g.4901C>T,234,p.Arg234Cys,777819849,16:31196436:C:T,C,T,YES,,,,,,
FUS,g.4902G>T,234,p.Arg234Leu,749434237,16:31196437:G:T,G,T,YES,,,,,,
FUS,g.4931C>T,244,p.Arg244Cys,NA,NA,C,T,YES,,,,,,
FUS,g.10875G>A,507,p.Gly507Asp,NA,NA,G,A,YES,,,,,,
FUS,g.10895A>G,514,p.Arg514Gly,NA,16:31202718:A:G,A,G,YES,,,,,,
FUS,g.[11185G>T;11186G>T],514,p.Arg514Ser,NA,16:31202720:G:C,G,T,YES,,,,,,
FUS,g.[11185G>T;11186G>T],515,p.Gly515Cys,NA,16:31202721:G:T,G,T,YES,,,,,,
FUS,g.11194C>G,517,p.His517Gln,121909667,16:31202729:C:G,C,G,YES,,,,,,
FUS,g.11196G>A,518,p.Arg518Lys,NA,16:31202731:G:A,G,A,YES,,,,,,
FUS,g.11204C>G,521,p.Arg521Gly,NA,16:31202739:C:G,C,G,YES,,,,,,
FUS,g.11204C>T,521,p.Arg521Cys,121909668,16:31202739:C:T,C,T,YES,,,,,,
FUS,g.11205G>A,521,p.Arg521His,121909671,16:31202740:G:A,G,A,YES,,,,,,
FUS,g.11207A>G,522,p.Arg522Gly,NA,16:31202742:A:G,A,G,YES,,,,,,
FUS,g.11213A>T,524,p.Arg524Trp,267606833,16:31202748:A:T,A,T,YES,,,,,,
FUS,g.11214G>C,524,p.Arg524Thr,NA,16:31202749:G:C,G,C,YES,,,,,,
FUS,g.11215G>C,524,p.Arg524Ser,NA,16:31202750:G:C,G,C,YES,,,,,,
FUS,g.11217C>T,525,p.Pro525Leu,NA,16:31202752:C:T,C,T,YES,,,,,,
FUS,g.10474A>G,46615,p.Gly466ValfsX15,NA,NA,A,G,YES,,,,,,
FUS,g.4185_4186insGAGGTG,175_176,p.Gly175_Gly176ins,NA,NA,_insGAGGTG,,YES,,,,,,
FUS,g.10096_10124delins,402_411,p.Ser402_Pro411delinsGGGG,NA,NA,ins,,YES,,,,,,
GRN,g.566C>T,110,p.Arg110X,63750411,17:42427098:C:T,C,T,YES,,,,,,
GRN,g.1A>G,1,p.Met1,NA,NA,A,G,YES,,,,,,
GRN,g.-3828A>T,13,p.IVS1+3A>T,63751020,17:42422705:A:T,A,T,YES,,,,,,
GRN,g.-3826G>C,15,p.IVS1+5G>C,63750313,17:42422707:G:C,G,C,YES,,,,,,
GRN,g.139G>A,21,p.IVS2+1G>A,63749844,17:42426671:G:A,G,A,YES,,,,,,
GRN,g.63_64insC,22,p.Asp22fs,63750981,17:42426595:-:C,_insC,,YES,,,,,,
GRN,g.90_91insCTGC,31,p.Cys31fs,63751057,17:42426622:-:CTGC,_insCTGC,,YES,,,,,,
GRN,g.102delC,35,p.Gly35fs,63751073,17:42426634:C:*,delC,,YES,,,,,,
GRN,g.277delA,52,p.Thr52fs,63751092,17:42426809:A:*,delA,,YES,,,,,,
GRN,g.357_358delAG,79,p.Gly79fs,63750373,17:42426889:AG:*,delAG,,YES,,,,,,
GRN,g.366delC,82,p.Ser82fs,63751193,17:42426898:C:*,delC,,YES,,,,,,
GRN,g.378delC,86,p.Phe86fs,NA,NA,delC,,YES,,,,,,
GRN,g.389T>C,89,p.Ala89fs,NA,NA,T,C,YES,,,,,,
GRN,g.586A>C,89,p.Ala89fs,NA,NA,A,C,YES,,,,,,
GRN,g.537delC,100,p.Pro100fs,NA,NA,delC,,YES,,,,,,
GRN,g.585C>A,116,p.Ser116X,NA,NA,C,A,YES,,,,,,
GRN,g.1064delG,118,p.Asn118fs,NA,NA,delG,,YES,,,,,,
GRN,g.1075delG,121,p.Val121fs,63749940,17:42427607:G:*,delG,,YES,,,,,,
GRN,g.1087C>T,125,p.Gln125X,63750077,17:42427619:C:T,C,T,YES,,,,,,
GRN,g.1094_1095delCT,127,p.Pro127fs,63750405,17:42427626:CT:*,delCT,,YES,,,,,,
GRN,g.1098_1101delTAGT,130,p.Gln130fs,63750768,17:42427630:TAGT:*,TAGT,,YES,,,,,,
GRN,g.1283_1289delCTGCTGT,157,p.Cys157fs,63750247,17:42427815:CTGCTGT:*,CTGCTGT,,YES,,,,,,
GRN,g.1407_1408delAG,198,p.Arg198fs,NA,NA,AG,,YES,,,,,,
GRN,g.1637G>A,200,p.Val200fs,63749817,17:42428169:G:A,G,A,YES,,,,,,
GRN,g.1637G>C,200,p.Val200fs,63749817,17:42428169:G:C,G,C,YES,,,,,,
GRN,g.1531_1532insC,203,p.Ser203fs,NA,NA,_insC,,YES,,,,,,
GRN,g.1603_1604delCA,226,p.Ser226fs,63751085,17:42428135:CA:*,CA,,YES,,,,,,
GRN,g.1871A>G,237,p.Ala237fs,63750548,17:42428403:A:G,A,G,YES,,,,,,
GRN,g.1923_1924delTG,253,p.Cys253X,63751035,17:42428455:TG:*,TG,,YES,,,,,,
GRN,g.1933_1934insCC,257,p.Gln257fs,NA,NA,_insCC,,YES,,,,,,
GRN,g.1939A>T,259,p.Lys259X,NA,NA,A,T,YES,,,,,,
GRN,g.1977_1980delCACT,272,p.Thr272fs,63749877,17:42428509:CACT:*,CACT,,YES,,,,,,
GRN,g.2198G>C,279,p.Val279fs,63751296,17:42428730:G:C,G,C,YES,,,,,,
GRN,g.2297G>A,279,p.Val279fs,63750707,17:42428829:G:A,G,A,YES,,,,,,
GRN,g.2211_2217dupAATGTGA,285,p.Asp285fs,NA,NA,_dupAATGTGA,,YES,,,,,,
GRN,g.2245T>G,294,p.Tyr294X,NA,NA,T,G,YES,,,,,,
GRN,g.2261C>T,300,p.Gln300X,NA,NA,C,T,YES,,,,,,
GRN,g.2264_2265insGT,301,p.Ser301fs,NA,NA,_insGT,,YES,,,,,,
GRN,g.2270_2271insG,303,p.Ala303fs,NA,NA,_insG,,YES,,,,,,
GRN,g.2272delC,304,p.Trp304fs,63750366,17:42428804:C:*,delC,,YES,,,,,,
GRN,g.2274G>A,304,p.Trp304X,63751177,17:42428806:G:A,G,A,YES,,,,,,
GRN,g.2394C>A,314,p.Cys314X,63750926,17:42428926:C:A,C,A,YES,,,,,,
GRN,g.2450delG,333,p.Gly333fs,63750873,17:42428982:G:*,delG,,YES,,,,,,
GRN,g.2461C>T,337,p.Gln337X,63751406,17:42428993:C:T,C,T,YES,,,,,,
GRN,g.2466delG,340,p.His340fs,NA,NA,delG,,YES,,,,,,
GRN,g.2473C>T,341,p.Gln341X,NA,NA,C,T,YES,,,,,,
GRN,g.2522delC,357,p.Pro357fs,NA,NA,delC,,YES,,,,,,
GRN,g.2524C>T,358,p.Gln358X,NA,NA,C,T,YES,,,,,,
GRN,g.2547_2548delCT,366,p.Cys366fs,63749988,17:42429079:CT:*,CT,,YES,,,,,,
GRN,g.2609G>A,386,p.Trp386X,63751213,17:42429141:G:A,G,A,YES,,,,,,
GRN,g.2632delG,394,p.Ala394fs,NA,NA,delG,,YES,,,,,,
GRN,g.2872C>T,401,p.Gln401X,63750118,17:42429404:C:T,C,T,YES,,,,,,
GRN,g.2902_2903delGT,411,p.Val411fs,63750419,17:42429434:GT:*,GT,,YES,,,,,,
GRN,g.2903_2904insGT,412,p.Ala412fs,63750351,17:42429435:-:GT,_insGT,,YES,,,,,,
GRN,g.2914C>T,415,p.Gln415X,NA,NA,C,T,YES,,,,,,
GRN,g.2923C>T,418,p.Arg418X,63751180,17:42429455:C:T,C,T,YES,,,,,,
GRN,g.2988_2989delCA,441,p.Asp441fs,NA,NA,CA,,YES,,,,,,
GRN,g.3066_3067insC,466,p.Cys466fs,63749951,17:42429598:-:C,_insC,,YES,,,,,,
GRN,g.3073C>T,468,p.Gln468X,63749908,17:42429605:C:T,C,T,YES,,,,,,
GRN,g.3183_3184delTG,474,p.Cys474fs,NA,NA,TG,,YES,,,,,,
GRN,g.3240C>T,493,p.Arg493X,63751294,17:42429772:C:T,C,T,YES,,,,,,
GRN,g.3257_3261delAGTGG,498,p.Glu498fs,NA,NA,AGTGG,,YES,,,,,,
GRN,g.3270C>T,503,p.Gln503X,NA,NA,C,T,YES,,,,,,
GRN,g.3325G>A,521,p.Cys521Tyr,553119528,17:42429857:G:A,G,A,YES,,,,,,
GRN,g.-95_3490del,[],p.delp.[French],NA,NA,-,,YES,,,,,,
GRN,,[184],p.delp.[DR184],NA,NA,,,YES,,,,,,
GRN,g.3162_3354del,11-15_12177;?12;472,p.IVS11-15_EX12+177del;?12;A472fs,63751698,17:42429694:,,,YES,,,,,,
GRN,g.2633T>C,316_397,p.Glu316_Cys397del,NA,NA,T,C,YES,,,,,,
GRN,g.3175A>G,472_548,p.Ala472_Gln548del,NA,NA,A,G,YES,,,,,,
GRN,g.2596_2597insA,382,p.Thr382fs,63749905,17:42429128:AC:A,_insA,,YES,,,,,,
GRN,g.1277G>A,155,p.Ala155fs,63750536,17:42428826:CAGGTACCCAGGGGTGGCGGGTGGGTGGGCTGAGCACAGTGTGGCAGGCAGCCGGGCCCCAGTGCCCACCTGCCCTTCTTCATCTGCCCT:C,G,A,YES,,,,,,
GRN,g.26C>A,9,p.Ala9Asp,63751243,17:42426558:A:C,C,A,YES,,,,,,
LRRK2,g.120390G>A,2019,p.Gly2019Ser,34637584,12:40734202:G:A,G,A,YES,,,,,,
LRRK2,g.90424C>G,1441,p.Arg1441Gly,33939927,12:40704236:C:G,C,G,YES,,,,,,
LRRK2,g.90425G>A,1441,p.Arg1441His,34995376,12:40704237:G:A,G,A,YES,,,,,,
LRRK2,g.101104A>T,1699,p.Tyr1699Cys,35801418,12:40714916:A:G,A,T,YES,,,,,,
LRRK2,g.120394T>C,2020,p.Ile2020Thr,35870237,12:40734206:C:T,T,C,YES,,,,,,
LRRK2,g.90424C>T,1441,p.Arg1441Cys,33939927,12:40704236:C:T,C,T,YES,,,,,,
MAPT,g.137471C>T,406,p.Arg406Trp,63750424,17:44101427:C:T,C,T,YES,,,,,,
MAPT,g.137525C>A,424,p.Gln424Lys,63750191,17:44101481:C:A,C,A,YES,,,,,,
MAPT,g.75756G>A,5,p.Arg5His,63750959,17:44039717:G:A,G,A,YES,,,,,,
MAPT,g.123806G>A,103,p.IVS10+3G>A,63750013,17:44087771:G:A,G,A,YES,,,,,,
MAPT,g.110018A>C,257,p.Lys257Thr,63750129,17:44073978:A:C,A,C,YES,,,,,,
MAPT,g.110026A>G,260,p.Ile260Val,63751249,17:44073986:A:G,A,G,YES,,,,,,
MAPT,g.110044C>G,266,p.Leu266Val,63750349,17:44074004:C:G,C,G,YES,,,,,,
MAPT,g.110063G>T,272,p.Gly272Val,63750376,17:44074023:G:T,G,T,YES,,,,,,
MAPT,g.110065G>A,273,p.Gly273Arg,NA,NA,G,A,YES,,,,,,
MAPT,g.123725T>G,279,p.Asn279Lys,63750756,17:44087690:T:G,T,G,YES,,,,,,
MAPT,g.123740T>C,284,p.Leu284,63751423,17:44087705:T:C,T,C,YES,,,,,,
MAPT,g.123774A>C,296,p.Asn296His,63750416,17:44087739:A:C,A,C,YES,,,,,,
MAPT,g.123776T>C,296,p.Asn296,63750912,17:44087741:T:C,T,C,YES,,,,,,
MAPT,g.123789C>A,301,p.Pro301Thr,63751438,17:44087754:C:A,C,A,YES,,,,,,
MAPT,g.123789C>T,301,p.Pro301Ser,63751438,17:44087754:C:T,C,T,YES,,,,,,
MAPT,g.123790C>T,301,p.Pro301Leu,63751273,17:44087755:C:T,C,T,YES,,,,,,
MAPT,g.123796G>T,303,p.Gly303Val,63751391,17:44087761:G:T,G,T,YES,,,,,,
MAPT,g.123802G>A,305,p.Ser305Asn,63751165,17:44087767:G:A,G,A,YES,,,,,,
MAPT,g.123802G>T,305,p.Ser305Ile,NA,NA,G,T,YES,,,,,,
MAPT,g.123803T>C,305,p.Ser305,63750568,17:44087768:T:C,T,C,YES,,,,,,
MAPT,g.127672T>G,315,p.Leu315Arg,63749855,17:44091637:T:G,T,G,YES,,,,,,
MAPT,g.127673G>A,315,p.Leu315,63751231,17:44091638:G:A,G,A,YES,,,,,,
MAPT,g.127678A>T,317,p.Lys317Met,63750092,17:44091643:A:T,A,T,YES,,,,,,
MAPT,g.127687C>T,320,p.Ser320Phe,63750635,17:44091652:C:T,C,T,YES,,,,,,
MAPT,g.132033G>A,335,p.Gly335Ser,63750095,17:44095989:G:A,G,A,YES,,,,,,
MAPT,g.132034G>T,335,p.Gly335Val,63750905,17:44095990:G:T,G,T,YES,,,,,,
MAPT,g.132037A>G,336,p.Gln336Arg,63750573,17:44095993:A:G,A,G,YES,,,,,,
MAPT,g.132039G>A,337,p.Val337Met,63750570,17:44095995:G:A,G,A,YES,,,,,,
MAPT,g.132055A>T,342,p.Glu342Val,63750711,17:44096011:A:T,A,T,YES,,,,,,
MAPT,g.132085C>T,352,p.Ser352Leu,63750425,17:44096041:C:T,C,T,YES,,,,,,
MAPT,g.132117G>A,363,p.Val363Ile,63750869,17:44096073:G:A,G,A,YES,,,,,,
MAPT,g.132136A>T,369,p.Lys369Ile,63751264,17:44096092:A:T,A,T,YES,,,,,,
MAPT,g.137420G>A,389,p.Gly389Arg,63750512,17:44101376:G:A,G,A,YES,,,,,,
MAPT,g.137535C>T,427,p.Thr427Met,63750991,17:44101491:C:T,C,T,YES,,,,,,
MAPT,g.123814T>C,1011,p.IVS10+11T>C,63751394,17:44087779:T:C,T,C,YES,,,,,,
MAPT,g.123815C>T,1012,p.IVS10+12C>T,63750916,17:44087780:C:T,C,T,YES,,,,,,
MAPT,g.123816A>G,1013,p.IVS10+13A>G,63750308,17:44087781:A:G,A,G,YES,,,,,,
MAPT,g.123817C>T,1014,p.IVS10+14C>T,63750972,17:44087782:C:T,C,T,YES,,,,,,
MAPT,g.123819C>T,1016,p.IVS10+16C>T,63751011,17:44087784:C:T,C,T,YES,,,,,,
MAPT,g.123822C>G,1019,p.IVS10+19C>G,63750162,17:44087787:C:G,C,G,YES,,,,,,
MAPT,g.123701G>T,9-10;,p.IVS9-10G>T;g,63749974,17:44087666:G:T,G,T,YES,,,,,,
MAPT,g.123775_123777delATA,?296,p.?N296,63751392,17:44087740:ATA:*,ATA,,YES,,,,,,
MAPT,g.75756G>T,5,p.Arg5Leu,63750959,17:44039717:G:T,G,T,YES,,,,,,
PARK2,g.0678668A>C,192,p.Met192Leu,9456735,6:162475167:T:G,A,C,YES,,,,,,
PARK2,g.1345938C>T,366,p.Arg366Trp,56092260,6:161807897:G:A,C,T,YES,,,,,,
PARK2,g.0759486C>T,240,p.Thr240Met,137853054,6:162394349:G:A,C,T,YES,,,,,,
PARK2,g.0005096G>T,-39,p.c.-39G>T,NA,NA,G,T,YES,,,,,,
PARK2,g.0005135A>T,1,p.Met1Leu,NA,NA,A,T,YES,,,,,,
PARK2,g.0484957_0641130del,4,p.ex4del,NA,NA,,,YES,,,,,,
PARK2,g.0529909_0531657del1749,4,p.partialex4del,NA,NA,,,YES,,,,,,
PARK2,g.0574670_0702743del12813,5,p.ex5del,NA,NA,,,YES,,,,,,
PARK2,g.0005142G>A,11,p.IVS1+1G>A,NA,NA,G,A,YES,,,,,,
PARK2,g.0289414C>A,31,p.Ala31Asp,NA,6:162864421:G:T,C,A,YES,,,,,,
PARK2,g.0289419C>T,33,p.Arg33Stop,770591350,6:162864416:G:A,C,T,YES,,,,,,
PARK2,g.0289420G>A,33,p.Arg33Gln,147757966,6:162864415:C:T,G,A,YES,,,,,,
PARK2,g.0289440C>T,40,p.Gln40Stop,NA,6:162864395:G:A,C,T,YES,,,,,,
PARK2,g.0289477delA,52,p.Asn52fs,754809877,6:162864357:T:*,delA,,YES,,,,,,
PARK2,g.0289478_0289479insT,53,p.Asp53Stop,NA,6:162864356:-:A,_insT,,YES,,,,,,
PARK2,g.0470086_0470087insGT,74,p.Trp74fs,746646126,6:162683747:-:CA,_insGT,,YES,,,,,,
PARK2,g.0470101G>T,79,p.Glu79Stop,NA,6:162683734:C:A,G,T,YES,,,,,,
PARK2,g.0470263_0470265delCCA,133,p.Pro133del,747624684,6:162683569:CCA:*,CCA,,YES,,,,,,
PARK2,g.0531649C>T,171,p.Gln171Stop,NA,NA,C,T,YES,,,,,,
PARK2,g.0678630delG,179,p.Gly179fs,NA,NA,delG,,YES,,,,,,
PARK2,g.0678668A>G,192,p.Met192Val,NA,NA,A,G,YES,,,,,,
PARK2,g.0759479delT,238,p.Cys238fs,NA,NA,delT,,YES,,,,,,
PARK2,g.0759486C>G,240,p.Thr240Arg,NA,6:162394349:G:C,C,G,YES,,,,,,
PARK2,g.0946964T>A,268,p.Cys268Stop,377554392,6:162206871:A:T,T,A,YES,,,,,,
PARK2,g.0946998G>A,280,p.Asp280Asn,72480422,6:162206837:C:T,G,A,YES,,,,,,
PARK2,g.0947008T>C,283,p.Leu283Pro,56154308,6:162206827:A:G,T,C,YES,,,,,,
PARK2,g.0947031delG,291,p.Ala291fs,NA,NA,delG,,YES,,,,,,
PARK2,g.1163446C>T,311,p.Gln311Stop,NA,NA,C,T,YES,,,,,,
PARK2,g.1183834_1183839del6,323,p.Cys323fs,NA,NA,,,YES,,,,,,
PARK2,g.1183837delT,324,p.Val324fs,761973930,6:161969997:A:*,delT,,YES,,,,,,
PARK2,g.1183849G>A,328,p.Gly328Glu,NA,6:161969986:C:T,G,A,YES,,,,,,
PARK2,g.1183866C>T,334,p.Arg334Cys,199657839,6:161969969:G:A,C,T,YES,,,,,,
PARK2,g.1183907_1183908delGA,348,p.Arg348fs,NA,NA,GA,,YES,,,,,,
PARK2,g.1183912_1183913delAA,349,p.Lys349fs,NA,NA,AA,,YES,,,,,,
PARK2,g.1372605delGA,392,p.Arg392fs,NA,NA,delGA,,YES,,,,,,
PARK2,g.1372613G>T,395,p.Glu395Stop,NA,6:161781222:C:A,G,T,YES,,,,,,
PARK2,g.1372622G>A,398,p.Ala398Thr,571092914,6:161781213:C:T,G,A,YES,,,,,,
PARK2,g.1372655G>T,409,p.Glu409Stop,NA,NA,G,T,YES,,,,,,
PARK2,g.1372674C>A,415,p.Thr415Asn,778125254,6:161781161:G:T,C,A,YES,,,,,,
PARK2,g.1372691_1372692insA,428,p.Asn428fs,758718482,6:161781121:-:T,_insA,,YES,,,,,,
PARK2,g.1382592G>A,429,p.Gly429Glu,760223151,6:161771243:C:T,G,A,YES,,,,,,
PARK2,g.1382595G>A,430,p.Gly430Asp,191486604,6:161771240:C:T,G,A,YES,,,,,,
PARK2,g.1382598G>C,431,p.Cys431Phe,NA,NA,G,C,YES,,,,,,
PARK2,g.1382664G>A,453,p.Trp453Stop,NA,NA,G,A,YES,,,,,,
PARK2,g.1382684_1382685insG,460,p.Asp460fs,779138830,6:161771149:-:T,_insG,,YES,,,,,,
PARK2,g.1382589C>G,3-Nov,p.IVS11-3C>G,NA,NA,C,G,YES,,,,,,
PARK2,,10-12k,p.ex10-12delbreakpointsnotmapped,NA,NA,,,YES,,,,,,
PARK2,,10-12k,p.ex10-12dupbreakpointsnotmapped,NA,NA,,,YES,,,,,,
PARK2,,10k,p.ex10delbreakpointsnotmapped,NA,NA,,,YES,,,,,,
PARK2,,10k,p.ex10dupbreakpointsnotmapped,NA,NA,,,YES,,,,,,
PARK2,g.0470203_0470242del40,113/3?40,p.Pro113fs/ex3?40bp,771529549,6:162683592:CAGTGTGCAGAATGACAGCCAGCCCCACAGAGTCTCCTGG:*,insCAGTGTGCAGAATGACAGCCAGCCCCACAGAGTCTCCTGG,,YES,,,,,,
PARK2,,11k,p.ex11delbreakpointsnotmapped,NA,NA,,,YES,,,,,,
PARK2,,11k,p.ex11dupbreakpointsnotmapped,NA,NA,,,YES,,,,,,
PARK2,,12k,p.ex12dupbreakpointsnotmapped,NA,NA,,,YES,,,,,,
PARK2,,1-4k,p.ex1-4delbreakpointsnotmapped,NA,NA,,,YES,,,,,,
PARK2,,1k,p.prom+ex1delbreakpointsnotmapped,NA,NA,,,YES,,,,,,
PARK2,,1k,p.ex1delbreakpointsnotmapped,NA,NA,,,YES,,,,,,
PARK2,,1k,p.ex1dupbreakpointsnotmapped,NA,NA,,,YES,,,,,,
PARK2,,2-3k,p.ex2-3delbreakpointsnotmapped,NA,NA,,,YES,,,,,,
PARK2,,2-3k,p.ex2-3dupbreakpointsnotmapped,NA,NA,,,YES,,,,,,
PARK2,,2-4k,p.ex2-4delbreakpointsnotmapped,NA,NA,,,YES,,,,,,
PARK2,,2-4k,p.ex2-4dupbreakpointsnotmapped,NA,NA,,,YES,,,,,,
PARK2,,2-4k,p.ex2-4tripbreakpointsnotmapped,NA,NA,,,YES,,,,,,
PARK2,,2-5k,p.ex2-5delbreakpointsnotmapped,NA,NA,,,YES,,,,,,
PARK2,,2k,p.ex2delbreakpointsnotmapped,NA,NA,,,YES,,,,,,
PARK2,,2k,p.ex2dupbreakpointsnotmapped,NA,NA,,,YES,,,,,,
PARK2,,2k,p.ex2tripbreakpointsnotmapped,NA,NA,,,YES,,,,,,
PARK2,,3-4k,p.ex3-4delbreakpointsnotmapped,NA,NA,,,YES,,,,,,
PARK2,,3-4k,p.ex3-4dupbreakpointsnotmapped,NA,NA,,,YES,,,,,,
PARK2,,3-5k,p.ex3-5delbreakpointsnotmapped,NA,NA,,,YES,,,,,,
PARK2,,3-6k,p.ex3-6delbreakpointsnotmapped,NA,NA,,,YES,,,,,,
PARK2,,3-7k,p.ex3-7delbreakpointsnotmapped,NA,NA,,,YES,,,,,,
PARK2,,3-9k,p.ex3-9delbreakpointsnotmapped,NA,NA,,,YES,,,,,,
PARK2,,3k,p.ex3delbreakpointsnotmapped,NA,NA,,,YES,,,,,,
PARK2,,3k,p.ex3dupbreakpointsnotmapped,NA,NA,,,YES,,,,,,
PARK2,,4-5k,p.ex4-5delbreakpointsnotmapped,NA,NA,,,YES,,,,,,
PARK2,,4-6k,p.ex4-6delbreakpointsnotmapped,NA,NA,,,YES,,,,,,
PARK2,,4-7k,p.ex4-7delbreakpointsnotmapped,NA,NA,,,YES,,,,,,
PARK2,,4k,p.ex4delbreakpointsnotmapped,NA,NA,,,YES,,,,,,
PARK2,,4k,p.ex4dupbreakpointsnotmapped,NA,NA,,,YES,,,,,,
PARK2,,5-12k,p.ex5-12delbreakpointsnotmapped,NA,NA,,,YES,,,,,,
PARK2,,5-6k,p.ex5-6delbreakpointsnotmapped,NA,NA,,,YES,,,,,,
PARK2,,5-7k,p.ex5-7delbreakpointsnotmapped,NA,NA,,,YES,,,,,,
PARK2,,5-8k,p.ex5-8dupbreakpointsnotmapped,NA,NA,,,YES,,,,,,
PARK2,,5-9k,p.ex5-9dupbreakpointsnotmapped,NA,NA,,,YES,,,,,,
PARK2,,5k,p.ex5delbreakpointsnotmapped,NA,NA,,,YES,,,,,,
PARK2,,5k,p.ex5dupbreakpointsnotmapped,NA,NA,,,YES,,,,,,
PARK2,,6-7k,p.ex6-7delbreakpointsnotmapped,NA,NA,,,YES,,,,,,
PARK2,,6-8k,p.ex6-8dupbreakpointsnotmapped,NA,NA,,,YES,,,,,,
PARK2,,6k,p.ex6delbreakpointsnotmapped,NA,NA,,,YES,,,,,,
PARK2,,6k,p.ex6dupbreakpointsnotmapped,NA,NA,,,YES,,,,,,
PARK2,,7-8k,p.ex7-8delbreakpointsnotmapped,NA,NA,,,YES,,,,,,
PARK2,,7-9k,p.ex7-9delbreakpointsnotmapped,NA,NA,,,YES,,,,,,
PARK2,,7k,p.ex7delbreakpointsnotmapped,NA,NA,,,YES,,,,,,
PARK2,,7k,p.ex7dupbreakpointsnotmapped,NA,NA,,,YES,,,,,,
PARK2,,8-10k,p.ex8-10delbreakpointsnotmapped,NA,NA,,,YES,,,,,,
PARK2,,8-11k,p.ex8-11delbreakpointsnotmapped,NA,NA,,,YES,,,,,,
PARK2,,8-9k,p.ex8-9delbreakpointsnotmapped,NA,NA,,,YES,,,,,,
PARK2,,8k,p.ex8delbreakpointsnotmapped,NA,NA,,,YES,,,,,,
PARK2,,8k,p.ex8dupbreakpointsnotmapped,NA,NA,,,YES,,,,,,
PARK2,,9k,p.ex9delbreakpointsnotmapped,NA,NA,,,YES,,,,,,
PARK2,,9k,p.ex9dupbreakpointsnotmapped,NA,NA,,,YES,,,,,,
PARK2,g.0289423delA,34,p.Gln34fs,NA,6:162864410:CCT:C,delA,,YES,,,,,,
PARK2,g.0759401T>G,212,p.Cys212Gly,NA,6:162394434:A:C,T,G,YES,,,,,,
PARK2,g.0946932G>A,258,p.Val258Met,756064095,6:162206903:C:T,G,A,YES,,,,,,
PARK2,g.1163448G>T,311,p.Gln311His,NA,6:161990387:G:T,G,T,YES,,,,,,
PARK2,g.1183917A>C,351,p.Thr351Pro,NA,6:161969918:G:T,A,C,YES,,,,,,
PARK2,g.1382636G>C,444,p.Glu444Gln,772592654,6:161771199:C:G,G,C,YES,,,,,,
PARK2,g.0947025T>G,289,p.Cys289Gly,55961220,6:162206810:A:C,T,G,YES,,,,,,
PARK2,g.0289447G>A,42,p.Arg42His,368134308,6:162864388:C:T,G,A,YES,,,,,,
PARK2,g.0289447G>C,42,p.Arg42Pro,368134308,6:162864388:C:G,G,C,YES,,,,,,
PARK2,g.1183942G>A,359,p.Gly359Asp,201300874,6:161969893:C:T,G,A,YES,,,,,,
PARK2,g.0759468G>A,234,p.Arg234Gln,144032774,6:162394367:C:T,G,A,YES,,,,,,
PARK2,g.0759400A>T,211,p.Lys211Asn,137853060,6:162394435:A:T,A,T,YES,,,,,,
PARK2,g.0289489T>A,56,p.Val56Glu,137853059,6:162864346:A:T,T,A,YES,,,,,,
PARK2,g.0759402G>A,212,p.Cys212Tyr,137853058,6:162394433:C:T,G,A,YES,,,,,,
PARK2,g.0531621A>T,161,p.Lys161Asn,137853057,6:162622214:A:T,A,T,YES,,,,,,
PARK7,g.33825T>C,166,p.Leu166Pro,NA,1:8045041:T:C,T,C,YES,,,,,,
PARK7,g.07561_21658del14098,5-Jan,p.ex1-5del,NA,NA,,,YES,,,,,,
PARK7,,1-5k,p.ex1-5dupbreakpointsnotmapped,NA,NA,,,YES,,,,,,
PARK7,,2k,p.ex2delbreakpointsnotmapped,NA,NA,,,YES,,,,,,
PARK7,,5-7k,p.ex5-7delbreakpointsnotmapped,NA,NA,,,YES,,,,,,
PARK7,,5k,p.ex5delbreakpointsnotmapped,NA,NA,,,YES,,,,,,
PINK1,g.170750_171044del295,7,p.ex7del,NA,NA,,,YES,,,,,,
PINK1,g.155425_155456del32,24,p.Lys24fs,NA,1:20960111:A:T,A,T,YES,,,,,,
PINK1,g.171039G>A,71,p.IVS7+1G>A,NA,NA,G,A,YES,,,,,,
PINK1,g.155630G>T,92,p.Cys92Phe,NA,NA,G,T,YES,,,,,,
PINK1,g.155740C>T,129,p.Gln129Stop,NA,1:20960426C:T,C,T,YES,,,,,,
PINK1,g.155740delC,129,p.Gln129fs,NA,NA,delC,,YES,,,,,,
PINK1,g.159848delC,196,p.Pro196fs,NA,NA,delC,,YES,,,,,,
PINK1,g.170800_170822del23,237,p.23bpdelex7,NA,NA,,,YES,,,,,,
PINK1,g.161738C>T,239,p.Glu239Stop,NA,NA,C,T,YES,,,,,,
PINK1,g.161759C>T,246,p.Arg246Stop,74315357,1:20966445:C:T,C,T,YES,,,,,,
PINK1,g.161797C>A,258,p.Tyr258Stop,NA,NA,C,A,YES,,,,,,
PINK1,g.166409delG,297,p.Asp297fs,NA,NA,delG,,YES,,,,,,
PINK1,g.116458C>T,313,p.Thr313Met,74315359,1:20971144:C:T,C,T,YES,,,,,,
PINK1,g.170861G>A,437,p.Trp437Stop,74315356,1:20975547:G:A,G,A,YES,,,,,,
PINK1,g.170932C>T,456,p.Gln456Stop,45539432,1:20975602:C:T,C,T,YES,,,,,,
PINK1,g.170941G>A,464,p.Arg464His,764328076,1:20975627:G:A,G,A,YES,,,,,,
PINK1,g.171024C>T,492,p.Arg492Stop,34208370,1:20975710:C:T,C,T,YES,,,,,,
PINK1,g.172309delG,520,p.Lys520fs,765320312,1:20976994:G:*,delG,,YES,,,,,,
PINK1,g.172325_172326insTTAG,525,p.Asp525fs,NA,NA,_insTTAG,,YES,,,,,,
PINK1,g.172399_172402delTGTG,549,p.Cys549fs,NA,NA,TGTG,,YES,,,,,,
PINK1,g.172497G>T,582,p.Stop582Leu,765643910,1:20977183:G:T,G,T,YES,,,,,,
PINK1,,3-8k,p.ex3-8delbreakpointsnotmapped,NA,NA,,,YES,,,,,,
PINK1,,4-8k,p.ex4-8delbreakpointsnotmapped,NA,NA,,,YES,,,,,,
PINK1,,6-8k,p.ex6-8delbreakpointsnotmapped,NA,NA,,,YES,,,,,,
PINK1,,7k,p.ex7delbreakpointsnotmapped,NA,NA,,,YES,,,,,,
PINK1,,,p.delp.,NA,NA,,,YES,,,,,,
PINK1,g.159763G>C,168,p.Ala168Pro,768091663,1:20964449:C:G,G,C,YES,,,,,,
PINK1,g.170869G>A,440,p.Gly440Glu,45467995,1:20975555:A:G,G,A,YES,,,,,,
PSEN1,g.22921C>T,79,p.Ala79Val,63749824,14:73637653:C:T,C,T,YES,NA,,,,,
PSEN1,g.23024delG,4,p.Intron4,NA,NA,delG,,YES,NA,,,,,
PSEN1,g.22933T>C,83,p.Ile83Thr,NA,NA,T,C,YES,NA,,,,,
PSEN1,g.22965G>A,94,p.Val94Met,63750831,14:73637697:G:A,G,A,YES,NA,,,,,
PSEN1,g.22971G>T,96,p.Val96Phe,63750601,14:73637703:G:T,G,T,YES,NA,,,,,
PSEN1,g.22980A>G,99,p.Thr99Ala,NA,NA,A,G,YES,NA,,,,,
PSEN1,g.22998T>G,105,p.Phe105Val,NA,14:73637736:T:G,T,G,YES,NA,,,,,
PSEN1,g.22999T>G,105,p.Phe105Cys,NA,14:73637737:T:G,T,G,YES,NA,,,,,
PSEN1,g.23008G>A,108,p.Arg108Gln,200646139,14:73637740:G:A,G,A,YES,NA,,,,,
PSEN1,g.23023T>C,113,p.Leu113Pro,63751399,14:73637755:T:C,T,C,YES,NA,,,,,
PSEN1,g.25546T>C,115,p.Tyr115His,63749962,14:73640278:T:C,T,C,YES,NA,,,,,
PSEN1,g.25550C>A,116,p.Thr116Asn,63750730,14:73640282:C:A,C,A,YES,NA,,,,,
PSEN1,g.25552C>T,117,p.Pro117Ser,63750550,14:73640284:C:T,C,T,YES,NA,,,,,
PSEN1,g.25570G>A,123,p.Glu123Lys,63750378,14:73640302:G:A,G,A,YES,NA,,,,,
PSEN1,g.25595A>G,131,p.His131Arg,NA,NA,A,G,YES,NA,,,,,
PSEN1,g.25607A>G,135,p.Asn135Ser,63751278,14:73640339:A:G,A,G,YES,NA,,,,,
PSEN1,g.25619T>C,139,p.Met139Thr,63751106,14:73640351:T:C,T,C,YES,NA,,,,,
PSEN1,g.25630A>G,143,p.Ile143Val,NA,NA,A,G,YES,NA,,,,,
PSEN1,g.25631T>C,143,p.Ile143Thr,63750004,14:73640363:T:C,T,C,YES,NA,,,,,
PSEN1,g.25632T>G,143,p.Ile143Met,63751071,14:73640364:T:G,T,G,YES,NA,,,,,
PSEN1,g.25639A>G,146,p.Met146Val,63750306,14:73640371:A:G,A,G,YES,NA,,,,,
PSEN1,g.25641G>A,146,p.Met146Ile,63750391,14:73640373:G:A,G,A,YES,p.Met146Ile,,,,,
PSEN1,g.25642A>C,147,p.Thr147Pro,NA,14:73640374:A:C,A,C,YES,NA,,,,,
PSEN1,g.25643C>T,147,p.Thr147Ile,63750907,14:73640375:C:T,C,T,YES,NA,,,,,
PSEN1,g.25652T>C,150,p.Leu150Pro,NA,NA,T,C,YES,NA,,,,,
PSEN1,g.38785A>C,163,p.His163Pro,NA,NA,A,C,YES,NA,,,,,
PSEN1,g.38785A>G,163,p.His163Arg,63750590,14:73653568:A:G,A,G,YES,NA,,,,,
PSEN1,g.38792G>C,165,p.Trp165Cys,63751484,14:73653575:G:C,G,C,YES,p.Trp165Cys,,,,,
PSEN1,g.38793_38795delCTT,166,p.Leu166del,63751458,14:73653576:CTT:*,CTT,,YES,NA,,,,,
PSEN1,g.38794T>C,166,p.Leu166Pro,63750265,14:73653577:T:C,T,C,YES,NA,,,,,
PSEN1,g.38798_38800delTAT,168,p.Ile168del,NA,NA,TAT,,YES,NA,,,,,
PSEN1,g.38800T>C,168,p.Ile168Thr,NA,14:73653683:T:C,T,C,YES,NA,,,,,
PSEN1,g.38804_38806delATC,169,p.Ser169del,NA,NA,ATC,,YES,NA,,,,,
PSEN1,g.38817_38819delCTG,174,p.Leu174del,NA,NA,CTG,,YES,NA,,,,,
PSEN1,g.38845G>T,183,p.Gly183Val,63751068,14:73653628:G:T,G,T,YES,NA,,,,,
PSEN1,g.44570A>G,184,p.Glu184Gly,NA,NA,A,G,YES,NA,,,,,
PSEN1,g.44623A>T,202,p.Ile202Phe,779296437,14:73659407:A:T,A,T,YES,NA,,,,,
PSEN1,g.44636G>A,206,p.Gly206Asp,63750082,14:73659420:G:A,G,A,YES,NA,,,,,
PSEN1,g.44636G>C,206,p.Gly206Ala,63750082,14:73659420:G:C,G,C,YES,NA,,,,,
PSEN1,g.44645G>A,209,p.Gly209Glu,63750053,14:73659429:G:A,G,A,YES,NA,,,,,
PSEN1,g.44645G>T,209,p.Gly209Val,63750053,14:73659429:G:T,G,T,YES,NA,,,,,
PSEN1,g.44675T>C,219,p.Leu219Pro,63750761,14:73659459:T:C,T,C,YES,NA,,,,,
PSEN1,g.44685G>C,222,p.Gln222His,63751072,14:73659469:G:C,G,C,YES,NA,,,,,
PSEN1,g.44687A>G,223,p.Gln223Arg,NA,NA,A,G,YES,NA,,,,,
PSEN1,g.44708G>T,230,p.Ser230Ile,NA,14:73659492:G:T,G,T,YES,NA,,,,,
PSEN1,g.44723T>G,235,p.Leu235Arg,NA,NA,T,G,YES,NA,,,,,
PSEN1,g.44728T>C,237,p.Phe237Leu,63750858,14:73659512:T:C,T,C,YES,NA,,,,,
PSEN1,g.44752A>C,245,p.Thr245Pro,63750888,14:73659536:A:C,A,C,YES,NA,,,,,
PSEN1,g.44756C>A,246,p.Ala246Glu,63750526,14:73659540:C:A,C,A,YES,NA,,,,,
PSEN1,g.44762T>C,248,p.Leu248Pro,NA,NA,T,C,YES,NA,,,,,
PSEN1,g.44762T>G,248,p.Leu248Arg,NA,NA,T,G,YES,NA,,,,,
PSEN1,g.44768T>C,250,p.Leu250Ser,63751163,14:73659552:T:C,T,C,YES,NA,,,,,
PSEN1,g.44786A>C,256,p.Tyr256Ser,63751320,14:73659570:A:C,A,C,YES,NA,,,,,
PSEN1,g.49966G>T,261,p.Val261Phe,63750964,14:73664750:G:T,G,T,YES,NA,,,,,
PSEN1,g.49969T>G,262,p.Leu262Val,NA,14:73664753:T:G,T,G,YES,NA,,,,,
PSEN1,g.49973G>T,263,p.Cys263Phe,63751102,14:73664757:G:T,G,T,YES,NA,,,,,
PSEN1,g.49976C>T,264,p.Pro264Leu,63750301,14:73664760:C:T,C,T,YES,NA,,,,,
PSEN1,g.49981G>A,266,p.Gly266Ser,NA,14:73664765:G:A,G,A,YES,NA,,,,,
PSEN1,g.49984C>T,267,p.Pro267Ser,63751229,14:73664768:C:T,C,T,YES,NA,,,,,
PSEN1,g.49985C>T,267,p.Pro267Leu,63750779,14:73664769:C:T,C,T,YES,NA,,,,,
PSEN1,g.49990C>G,269,p.Arg269Gly,63751019,14:73664774:C:G,C,G,YES,NA,,,,,
PSEN1,g.49996C>G,271,p.Leu271Val,63750886,14:73664780:C:G,C,G,YES,NA,,,,,
PSEN1,g.50003A>G,273,p.Glu273Gly,NA,14:73664787:A:G,A,G,YES,NA,,,,,
PSEN1,g.50009C>T,275,p.Ala275Val,NA,NA,C,T,YES,NA,,,,,
PSEN1,g.50018G>A,278,p.Arg278Lys,63749891,14:73664802:G:A,G,A,YES,NA,,,,,
PSEN1,g.50024A>C,280,p.Glu280Ala,63750231,14:73664808:A:C,A,C,YES,NA,,,,,
PSEN1,g.50030T>G,282,p.Leu282Arg,63750050,14:73664814:T:G,T,G,YES,NA,,,,,
PSEN1,g.58306A>C,291,p.Thr291Pro,63750298,14:73673096:A:C,A,C,YES,NA,,,,,
PSEN1,g.63785C>T,352,p.Arg352Cys,571825723,14:73678575:C:T,C,T,YES,NA,,,,,
PSEN1,g.63804G>A,358,p.Arg358Gln,63751174,14:73678594:G:A,G,A,YES,NA,,,,,
PSEN1,g.63824T>G,365,p.Ser365Ala,200888596,14:73678614:T:G,T,G,YES,NA,,,,,
PSEN1,g.69047G>T,378,p.Gly378Val,63750323,14:73683837:G:T,G,T,YES,NA,,,,,
PSEN1,g.69055C>T,381,p.Leu381Phe,NA,NA,C,T,YES,NA,,,,,
PSEN1,g.69100G>A,396,p.Ala396Thr,NA,NA,G,A,YES,NA,,,,,
PSEN1,g.69128A>G,405,p.Asn405Ser,63751254,14:73683918:A:G,A,G,YES,NA,,,,,
PSEN1,g.69137T>C,408,p.Ile408Thr,NA,14:73683927:T:C,T,C,YES,NA,,,,,
PSEN1,g.69139G>A,409,p.Ala409Thr,63750227,14:73683929:G:A,G,A,YES,NA,,,,,
PSEN1,g.69143G>A,410,p.Cys410Tyr,661,14:73683933:G:A,G,A,YES,NA,,,,,
PSEN1,g.69148G>A,412,p.Val412Ile,200525059,14:73683938:G:A,G,A,YES,NA,,,,,
PSEN1,g.71096C>A,431,p.Ala431Glu,63750083,14:73685885:C:A,C,A,YES,NA,,,,,
PSEN1,g.[71104G>T;71105C>G],434,p.Ala434Cys,63750528,NA,G,T;71105C,YES,NA,,,,,
PSEN1,g.71111C>A,436,p.Pro436Gln,28930977,14:73685900:C:A,C,A,YES,NA,,,,,
PSEN1,g.58282_58283ins18,869-22_869-2318,p.869-22_869-23ins18,NA,NA,_ins,,YES,NA,,,,,
PSEN1,g.71122_71124delACC,?440,p.?T440,63750470,14:73685911:ACC:*,ACC,,YES,NA,,,,,
PSEN1,g.22932_22937delATCATG,?83/84,p.?I83/M84,63750307,14:73637664:ATCATG:*,ATCATG,,YES,NA,,,,,
PSEN1,g.56305_62162del,?9,p.?9,NA,NA,,,YES,NA,,,,,
PSEN1,g.56681_61235del,?9,p.?9Finn,NA,NA,,,YES,NA,,,,,
PSEN1,g.25669_25670insTTATAT,,p.InsFI,63750631,14:73640401:-:TTATAT,_insTTATAT,,YES,NA,,,,,
PSEN1,g.71120T>G,439,p.Ile439Ser,NA,14:73685909:G:T,T,G,YES,p.Ile439Ser,,,,,
PSEN1,g.71104G>A,434,p.Ala434Thr,NA,14:73685893:A:C,G,A,YES,p.Ala434Thr,,,,,
PSEN1,g.71074C>T,424,p.Leu424Phe,NA,14:73685863:C:T,C,T,YES,p.Leu424Phe,,,,,
PSEN1,g.71074C>G,424,p.Leu424Val,NA,14:73685863:C:G,C,G,YES,p.Leu424Val,,,,,
PSEN1,g.69071T>C,386,p.Phe386Leu,NA,14:73683862:A:C,T,C,YES,p.Phe386Leu,,,,,
PSEN1,g.63860A>T,377,p.Arg377Trp,NA,14:73678650:A:T,A,T,YES,p.Arg377Trp,,,,,
PSEN1,g.50042T>C,286,p.Leu286Pro,NA,14:73664826:C:T,T,C,YES,p.Leu286Pro,,,,,
PSEN1,g.44736G>C,239,p.Lys239Asn,NA,14:73659520:C:G,G,C,YES,p.Lys239Asn,,,,,
PSEN1,g.44733C>G,238,p.Ile238Met,NA,14:73659517:C:G,C,G,YES,p.Ile238Met,,,,,
PSEN1,g.44709T>G,230,p.Ser230Arg,NA,14:73659493:G:T,T,G,YES,p.Ser230Arg,,,,,
PSEN1,g.25604T>G,134,p.Leu134Arg,NA,14:73659480:T:G,T,G,YES,NA,,,,,
PSEN1,g.44696T>G,226,p.Leu226Arg,63749961,14:73659480:T:G,T,G,YES,NA,,,,,
PSEN1,g.44654C>A,212,p.Ser212Tyr,NA,14:73659438:A:C,C,A,YES,p.Ser212Tyr,,,,,
PSEN1,g.38816G>C,173,p.Leu173Phe,NA,14:73653599:C:G,G,C,YES,p.Leu173Phe,,,,,
PSEN1,g.38793C>G,166,p.Leu166Val,NA,14:73653576:C:G,C,G,YES,p.Leu166Val,,,,,
PSEN1,g.25679A>T,159,p.Tyr159Phe,NA,14:73640411:A:T,A,T,YES,p.Tyr159Phe,,,,,
PSEN1,g.25562A>G,120,p.Glu120Gly,NA,14:73640294:A:G,A,G,YES,p.Glu120Gly,,,,,
PSEN1,g.22939T>C,85,p.Leu85Pro,63750599,14:73637671:T:C,T,C,YES,NA,,,,,
PSEN1,g.44684A>G,222,p.Gln222Arg,63750009,14:73659468:A:G,A,G,YES,p.Gln222Arg,,,,,
PSEN1,g.25631T>A,143,p.Ile143Asn,63750004,14:73640363:A:G,T,A,YES,p.Ile143Asn,,,,,
PSEN1,g.71107C>T,435,p.Leu435Phe,63750001,14:73685896:C:T,C,T,YES,p.Leu435Phe,,,,,
PSEN1,g.71096C>T,431,p.Ala431Val,63750083,14:73685885:C:T,C,T,YES,p.Ala431Val,,,,,
PSEN1,g.44636G>T,206,p.Gly206Val,63750082,14:73659420:G:T,G,T,YES,p.Gly206Val,,,,,
PSEN1,g.49991G>A,269,p.Arg269His,63750900,14:73664775:A:G,G,A,YES,p.Arg269His,,,,,
PSEN1,g.49966G>C,261,p.Val261Leu,63750964,14:73664750:C:G,G,C,YES,p.Val261Leu,,,,,
PSEN1,g.38809T>C,171,p.Leu171Pro,63750963,14:73653592:C:T,T,C,YES,p.Leu171Pro,,,,,
PSEN1,g.69095G>T,394,p.Gly394Val,63750929,14:73683885:G:T,G,T,YES,p.Gly394Val,,,,,
PSEN1,g.25561G>A,120,p.Glu120Lys,63750800,14:73640293:A:G,G,A,YES,p.Glu120Lys,,,,,
PSEN1,g.71063T>G,420,p.Leu420Arg,63750802,14:73685852:G:T,T,G,YES,p.Leu420Arg,,,,,
PSEN1,g.69083G>T,390,p.Ser390Ile,63750883,14:73683873:G:T,G,T,YES,p.Ser390Ile,,,,,
PSEN1,g.50036C>T,284,p.Pro284Leu,63750863,14:73664820:C:T,C,T,YES,p.Pro284Leu,,,,,
PSEN1,g.44656A>T,213,p.Ile213Phe,63750861,14:73659440:A:T,A,T,YES,p.Ile213Phe,,,,,
PSEN1,g.44656A>C,213,p.Ile213Leu,63750861,14:73659440:A:C,A,C,YES,p.Ile213Leu,,,,,
PSEN1,g.44728T>A,237,p.Phe237Ile,63750858,14:73659512:A:G,T,A,YES,p.Phe237Ile,,,,,
PSEN1,g.22974G>T,97,p.Val97Leu,63750852,14:73637706:A:C,G,T,YES,NA,,,,,
PSEN1,g.22950G>T,89,p.Val89Leu,63750815,14:73637682:A:C,G,T,YES,p.Val89Leu,,,,,
PSEN1,g.44711C>T,231,p.Ala231Val,63750799,14:73659495:C:T,C,T,YES,p.Ala231Val,,,,,
PSEN1,g.50003A>C,273,p.Glu273Ala,63750772,14:73664787:A:C,A,C,YES,p.Glu273Ala,,,,,
PSEN1,g.44675T>G,219,p.Leu219Arg,63750761,14:73659459:G:T,T,G,YES,p.Leu219Arg,,,,,
PSEN1,g.25550C>T,116,p.Thr116Ile,63750730,14:73640282:C:T,C,T,YES,p.Thr116Ile,,,,,
PSEN1,g.50000T>C,272,p.Val272Ala,63750680,14:73664784:C:T,T,C,YES,p.Val272Ala,,,,,
PSEN1,g.69055C>G,381,p.Leu381Val,63750687,14:73683845:C:G,C,G,YES,p.Leu381Val,,,,,
PSEN1,g.69065G>C,384,p.Gly384Ala,63750646,14:73683855:C:G,G,C,YES,p.Gly384Ala,,,,,
PSEN1,g.44767T>G,250,p.Leu250Val,63750634,14:73659551:G:T,T,G,YES,p.Leu250Val,,,,,
PSEN1,g.25663T>A,154,p.Tyr154Asn,63750588,14:73640395:A:T,T,A,YES,p.Tyr154Asn,,,,,
PSEN1,g.38806C>T,170,p.Ser170Phe,63750577,14:73653589:C:T,C,T,YES,p.Ser170Phe,,,,,
PSEN1,g.44635G>A,206,p.Gly206Ser,63750569,14:73659419:A:G,G,A,YES,p.Gly206Ser,,,,,
PSEN1,g.25552C>G,117,p.Pro117Ala,63750550,14:73640284:A:G,C,G,YES,p.Pro117Ala,,,,,
PSEN1,g.49972T>C,263,p.Cys263Arg,63750543,14:73664756:C:T,T,C,YES,p.Cys263Arg,,,,,
PSEN1,g.50019A>C,278,p.Arg278Ser,63750524,14:73664803:A:C,A,C,YES,p.Arg278Ser,,,,,
PSEN1,g.25620G>A,139,p.Met139Ile,63750522,14:73640352:C:T,G,A,YES,p.Met139Ile,,,,,
PSEN1,g.44695C>T,226,p.Leu226Phe,63750487,14:73659479:C:T,C,T,YES,p.Leu226Phe,,,,,
PSEN1,g.25547A>G,115,p.Tyr115Cys,63750450,14:73640279:A:G,A,G,YES,p.Tyr115Cys,,,,,
PSEN1,g.44669G>A,217,p.Gly217Asp,63750444,14:73659453:A:G,G,A,YES,p.Gly217Asp,,,,,
PSEN1,g.38802T>C,169,p.Ser169Pro,63750418,14:73653585:C:T,T,C,YES,p.Ser169Pro,,,,,
PSEN1,g.25639A>C,146,p.Met146Leu,63750306,14:73640371:A:T,A,C,YES,p.Met146Leu,,,,,
PSEN1,g.25606A>G,135,p.Asn135Asp,63750353,14:73640338:A:G,A,G,YES,p.Asn135Asp,,,,,
PSEN1,g.22998T>A,105,p.Phe105Ile,63750325,14:73637730:A:T,T,A,YES,p.Phe105Ile,,,,,
PSEN1,g.50035C>T,284,p.Pro284Ser,63750324,14:73664819:C:T,C,T,YES,p.Pro284Ser,,,,,
PSEN1,g.69047G>A,378,p.Gly378Glu,63750323,14:73683837:A:C,G,A,YES,p.Gly378Glu,,,,,
PSEN1,g.25630A>T,143,p.Ile143Phe,63750322,14:73640362:A:T,A,T,YES,p.Ile143Phe,,,,,
PSEN1,g.23000T>G,105,p.Phe105Leu,63750321,14:73637732:A:C,T,G,YES,p.Phe105Leu,,,,,
PSEN1,g.44571A>C,184,p.Glu184Asp,63750311,14:73659355:G:T,A,C,YES,p.Glu184Asp,,,,,
PSEN1,g.38815T>G,173,p.Leu173Trp,63750299,14:73653598:G:T,T,G,YES,p.Leu173Trp,,,,,
PSEN1,g.50006C>G,274,p.Thr274Arg,63750284,14:73664790:C:G,C,G,YES,p.Thr274Arg,,,,,
PSEN1,g.38794T>G,166,p.Leu166Arg,63750265,14:73653577:G:T,T,G,YES,p.Leu166Arg,,,,,
PSEN1,g.38794T>A,166,p.Leu166His,63750265,14:73653577:A:T,T,A,YES,p.Leu166His,,,,,
PSEN1,g.49971G>C,262,p.Leu262Phe,63750248,14:73664755:C:G,G,C,YES,p.Leu262Phe,,,,,
PSEN1,g.50024A>G,280,p.Glu280Gly,63750231,14:73664808:A:G,A,G,YES,p.Glu280Gly,,,,,
PSEN1,g.69089T>C,392,p.Leu392Pro,63750218,14:73683879:C:T,T,C,YES,p.Leu392Pro,,,,,
PSEN1,g.38829T>C,178,p.Ser178Pro,63750155,14:73653612:C:T,T,C,YES,p.Ser178Pro,,,,,
PSEN1,g.44659C>T,214,p.His214Tyr,63751003,14:73659443:C:T,C,T,YES,p.His214Tyr,,,,,
PSEN1,g.44659C>G,214,p.His214Asp,63751003,14:73659443:C:G,C,G,YES,p.His214Asp,,,,,
PSEN1,g.69085G>T,391,p.Val391Phe,63751066,14:73683875:G:T,G,T,YES,p.Val391Phe,,,,,
PSEN1,g.69044G>T,377,p.Arg377Met,63751051,14:73683834:G:T,G,T,YES,p.Arg377Met,,,,,
PSEN1,g.25618A>G,139,p.Met139Val,63751037,14:73640350:A:G,A,G,YES,p.Met139Val,,,,,
PSEN1,g.71075T>G,424,p.Leu424Arg,63751032,14:73685864:G:T,T,G,YES,p.Leu424Arg,,,,,
PSEN1,g.71075T>A,424,p.Leu424His,63751032,14:73685864:A:T,T,A,YES,p.Leu424His,,,,,
PSEN1,g.38818T>G,174,p.Leu174Arg,63751025,14:73653601:G:T,T,G,YES,p.Leu174Arg,,,,,
PSEN1,g.44717T>C,233,p.Met233Thr,63751024,14:73659501:C:T,T,C,YES,p.Met233Thr,,,,,
PSEN1,g.49964C>T,260,p.Ala260Val,63751420,14:73664748:C:T,C,T,YES,p.Ala260Val,,,,,
PSEN1,g.44657T>C,213,p.Ile213Thr,63751309,14:73659441:C:T,T,C,YES,p.Ile213Thr,,,,,
PSEN1,g.38803C>T,169,p.Ser169Leu,63751210,14:73653586:C:T,C,T,YES,p.Ser169Leu,,,,,
PSEN1,g.25619T>A,139,p.Met139Lys,63751106,14:73640351:A:G,T,A,YES,p.Met139Lys,,,,,
PSEN1,g.44722C>G,235,p.Leu235Val,63751130,14:73659506:C:G,C,G,YES,p.Leu235Val,,,,,
PSEN1,g.44704A>T,229,p.Ile229Phe,63749970,14:73659488:A:T,A,T,YES,p.Ile229Phe,,,,,
PSEN1,g.38827T>C,177,p.Phe177Ser,63749806,14:73653610:C:T,T,C,YES,p.Phe177Ser,,,,,
PSEN1,g.25553C>T,117,p.Pro117Leu,63749805,14:73640285:C:T,C,T,YES,p.Pro117Leu,,,,,
PSEN1,g.25553C>G,117,p.Pro117Arg,63749805,14:73640285:C:G,C,G,YES,p.Pro117Arg,,,,,
PSEN1,g.44644G>A,209,p.Gly209Arg,63749880,14:73659428:A:G,G,A,YES,p.Gly209Arg,,,,,
PSEN1,g.69071T>C,386,p.Phe386Ser,63749860,14:73683861:C:T,T,C,YES,p.Phe386Ser,,,,,
PSEN1,g.44668G>C,217,p.Gly217Arg,267606983,14:73659452:C:G,G,C,YES,p.Gly217Arg,,,,,
PSEN1,g.38790T>G,165,p.Trp165Gly,63751484,14:73653575:C:G,T,G,YES,p.Trp165Gly,,,,,
PSEN1,g.44718G>A,233,p.Met233Ile,63751479,14:73659502:C:G,G,A,YES,p.Met233Ile,,,,,
PSEN1,g.25660C>G,153,p.Leu153Val,63751441,14:73640392:C:G,C,G,YES,p.Leu153Val,,,,,
PSEN1,g.69088C>G,392,p.Leu392Val,63751416,14:73683878:C:G,C,G,YES,p.Leu392Val,,,,,
PSEN1,g.23023T>A,113,p.Leu113Gln,63751399,14:73637755:A:G,T,A,YES,p.Leu113Gln,,,,,
PSEN1,g.71058G>T,418,p.Leu418Phe,63751316,14:73685847:A:C,G,T,YES,p.Leu418Phe,,,,,
PSEN1,g.25664A>G,154,p.Tyr154Cys,63751292,14:73640396:A:G,A,G,YES,p.Tyr154Cys,,,,,
PSEN1,g.44716A>C,233,p.Met233Leu,63751287,14:73659500:A:T,A,C,YES,p.Met233Leu,,,,,
PSEN1,g.44716A>G,233,p.Met233Val,63751287,14:73659500:A:G,A,G,YES,p.Met233Val,,,,,
PSEN1,g.25563A>C,120,p.Glu120Asp,63751272,14:73640295:A:C,A,C,YES,p.Glu120Asp,,,,,
PSEN1,g.50041C>G,286,p.Leu286Val,63751235,14:73664825:C:G,C,G,YES,p.Leu286Val,,,,,
PSEN1,g.71080G>C,426,p.Ala426Pro,63751223,14:73685869:C:G,G,C,YES,p.Ala426Pro,,,,,
PSEN1,g.38817C>A,174,p.Leu174Met,63751144,14:73653600:A:C,C,A,YES,p.Leu174Met,,,,,
PSEN1,g.22960G>C,92,p.Cys92Ser,63751141,14:73637692:C:G,G,C,YES,p.Cys92Ser,,,,,
PSEN1,g.50039C>T,285,p.Ala285Val,63751139,14:73664823:C:T,C,T,YES,p.Ala285Val,,,,,
PSEN1,g.44674C>T,219,p.Leu219Phe,63749987,14:73659458:C:T,C,T,YES,p.Leu219Phe,,,,,
PSEN1,g.22929G>C,82,p.Val82Leu,63749967,14:73637661:C:G,G,C,YES,p.Val82Leu,,,,,
PSEN1,g.25546T>G,115,p.Tyr115Asp,63749962,14:73640278:G:T,T,G,YES,p.Tyr115Asp,,,,,
PSEN1,g.50029C>T,282,p.Leu282Phe,63749937,14:73664813:C:T,C,T,YES,p.Leu282Phe,,,,,
PSEN1,g.50029C>G,282,p.Leu282Val,63749937,14:73664813:C:G,C,G,YES,p.Leu282Val,,,,,
PSEN1,g.71110C>T,436,p.Pro436Ser,63749925,14:73685899:C:T,C,T,YES,p.Pro436Ser,,,,,
PSEN1,g.38826T>C,177,p.Phe177Leu,63749911,14:73653609:C:T,T,C,YES,p.Phe177Leu,,,,,
PSEN1,g.50018G>T,278,p.Arg278Ile,63749891,14:73664802:G:T,G,T,YES,p.Arg278Ile,,,,,
PSEN1,g.50018G>C,278,p.Arg278Thr,63749891,14:73664802:C:G,G,C,YES,p.Arg278Thr,,,,,
PSEN1,g.38784C>T,163,p.His163Tyr,63749885,14:73653567:C:T,C,T,YES,p.His163Tyr,,,,,
PSEN1,g.44710G>A,231,p.Ala231Thr,63749836,14:73659494:A:G,G,A,YES,p.Ala231Thr,,,,,
PSEN1,g.44723T>C,235,p.Leu235Pro,63749835,14:73659507:C:T,T,C,YES,p.Leu235Pro,,,,,
PSEN1,g.25610C>G,136,p.Ala136Gly,41345849,14:73640342:C:G,C,G,YES,p.Ala136Gly,,,,,
PSEN2,g.100G>A ,34,p.Gly34Ser,200636353,1:227069708:G:A,G,A ,YES,N,,,,,
PSEN2,g.1838C>T ,62,p.Arg62Cys,150400387,1:227071448:C:T,C,T ,YES,N,,,,,
PSEN2,g.1839G>A ,62,p.Arg62His,58973334,1:227071449:G:A,G,A ,YES,N,,,,,
PSEN2,g.1855C>T ,71,p.Arg71Trp,140501902,1:227071475:C:T,C,T ,YES,N,,,,,
PSEN2,g.1908C>T,85,p.Ala85Val,63750048,1:227071518:C:T,C,T,YES,N,,,,,
PSEN2,g.3648G>A,126,p.Glu126Lys,NA,1:227073258:G:A,G,A,YES,N,,,,,
PSEN2,g.3687G>A ,139,p.Val139Met,202178897,1:227073297:G:A,G,A ,YES,N,,,,,
PSEN2,g.3693A>T,141,p.Asn141Tyr,NA,1:227073303:A:T,A,T,YES,N,,,,,
PSEN2,g.3700T>A ,143,p.Leu143His,NA,1:227073310:T:A,T,A ,YES,Y,,,,,
PSEN2,g.86G>A ,29,p.Arg29His,771375988,1:227069694:G:A,G,A ,YES,y,,,,,
PSEN2,g.3694A>T,141,p.Asn141Ile,63750215,1:227073304:A:T,A,T,YES,Y,,,,,
PSEN2,g.3661C>T ,130,p.Ser130Leu,63750197,1:227073271:C:T,C,T ,YES,Y,,,,,
PSEN2,g.1849C>G ,69,p.Pro69Ala,202133351,1:227071469:C:G,C,G ,YES,Y,,,,,
PSEN2,g.3637C>G,122,p.Thr122Arg,28936380,1:227073247:C:G,C,G,YES,Y,,,,,
PSEN2,g.53C>T ,18,p.Thr18Met,143061887,1:227069661:C:T,C,T ,YES,Y,,,,,
PSEN2,g.3636A>C,122,p.Thr122Pro,63749851,1:227073246:A:C,A,C,YES,Y,,,,,
SNCA,,[],p.tripp.[S],NA,NA,,,YES,,,,,,
SNCA,,[],p.dupp.[A],NA,NA,,,YES,,,,,,
SNCA,,[],p.dupp.[B],NA,NA,,,YES,,,,,,
SNCA,,[],p.dupp.[I],NA,NA,,,YES,,,,,,
SNCA,,[],p.dupp.[N],NA,NA,,,YES,,,,,,
SNCA,,[],p.dupp.[S],NA,NA,,,YES,,,,,,
SNCA,,[-],p.tripp.[F-I],NA,NA,,,YES,,,,,,
SNCA,,[-014],p.tripp.[FPD-014],NA,NA,,,YES,,,,,,
SNCA,,[1],p.dupp.[P1],NA,NA,,,YES,,,,,,
SNCA,,[1],p.dupp.[A1],NA,NA,,,YES,,,,,,
SNCA,,[1],p.dupp.[S1],NA,NA,,,YES,,,,,,
SNCA,,[-131],p.dupp.[FPD-131],NA,NA,,,YES,,,,,,
SNCA,,[2],p.dupp.[P2],NA,NA,,,YES,,,,,,
SNCA,,[2],p.dupp.[A2],NA,NA,,,YES,,,,,,
SNCA,,[2],p.dupp.[S2],NA,NA,,,YES,,,,,,
SNCA,,[3],p.dupp.[A3],NA,NA,,,YES,,,,,,
SNCA,,[-321],p.dupp.[FPD-321],NA,NA,,,YES,,,,,,
SNCA,,[-410],p.dupp.[FPD-410],NA,NA,,,YES,,,,,,
SNCA,,[-437],p.dupp.[FPD-437],NA,NA,,,YES,,,,,,
SNCA,,[59],p.dupp.[P59],NA,NA,,,YES,,,,,,
SNCA,,[-J],p.dupp.[Fu-J],NA,NA,,,YES,,,,,,
SNCA,,[K],p.tripp.[K],NA,NA,,,YES,,,,,,
SNCA,g.029876G>C,30,p.Ala30Pro,104893878,4:90756731:C:G,G,C,YES,,,,,,
SNCA,g.037316G>A,53,p.Ala53Thr,104893877,4:90749300:C:T,G,A,YES,,,,,,
SNCA,g.037295G>A,46,p.Glu46Lys,104893875,4:90749321:C:T,G,A,YES,,,,,,
TARDBP,g.5109A>G,169,p.Asp169Gly,NA,1:11078893:A:G,A,G,YES,,,,,,
TARDBP,g.8469A>G,263,p.Lys263Glu,NA,NA,A,G,YES,,,,,,
TARDBP,g.8541G>A,287,p.Gly287Ser,80356719,1:11082325:G:A,G,A,YES,,,,,,
TARDBP,g.8563G>T,294,p.Gly294Val,80356721,1:11082347:G:T,G,T,YES,,,,,,
TARDBP,g.8625G>A,315,p.Ala315Thr,80356726,1:11082409:G:A ,G,A,YES,,,,,,
TARDBP,g.8644C>T,321,p.Ala321Val,NA,1:11082428:C:T,C,T,YES,,,,,,
TARDBP,g.8677G>A,332,p.Ser332Asn,NA,1:11082461:G:A,G,A,YES,,,,,,
TARDBP,g.8686G>A,335,p.Gly335Asp,NA,1:11082470:G:A,G,A,YES,,,,,,
TARDBP,g.8691A>G,337,p.Met337Val,80356730,1:11082475:A:G,A,G,YES,,,,,,
TARDBP,g.8710A>G,343,p.Gln343Arg,NA,NA,A,G,YES,,,,,,
TARDBP,g.8804T>A,374,p.Tyr374X,NA,1:11082588:T:A,T,A,YES,,,,,,
TARDBP,g.8725G>T,348,p.Gly348Val,NA,1:11082509:G:T,G,T,YES,,,,,,
TARDBP,g.8769C>G,363,p.Pro363Ala,NA,1:11082553:C:G,C,G,YES,,,,,,
TARDBP,g.8644C>G,321,p.Ala321Gly,NA,1:11082428:C:G,C,G,YES,,,,,,
TARDBP,g.8829A>G,383,p.Ile383Val,80356740,1:11082613:A:G,A,G,YES,,,,,,
TARDBP,g.8860C>T,393,p.Ser393Leu,80356743,1:11082644:C:T,C,T,YES,,,,,,
TARDBP,g.8851A>G,390,p.Asn390Ser,80356742,1:11082635:A:G,A,G,YES,,,,,,
TARDBP,g.8850A>G,390,p.Asn390Asp,80356741,1:11082634:A:G,A,G,YES,,,,,,
TARDBP,g.8818C>G,379,p.Ser379Cys,80356739,1:11082602:C:G,C,G,YES,,,,,,
TARDBP,g.8817T>C,379,p.Ser379Pro,80356738,1:11082601:C:T,T,C,YES,,,,,,
TARDBP,g.8765G>T,361,p.Arg361Ser,80356735,1:11082549:A:C,G,T,YES,,,,,,
TARDBP,g.8737A>G,352,p.Asn352Ser,80356734,1:11082521:A:G,A,G,YES,,,,,,
TARDBP,g.8724G>T,348,p.Gly348Cys,80356733,1:11082508:G:T,G,T,YES,,,,,,
TARDBP,g.8717C>A,345,p.Asn345Lys,80356732,1:11082501:A:C,C,A,YES,,,,,,
TARDBP,g.8673C>A,331,p.Gln331Lys,80356727,1:11082457:A:C,C,A,YES,,,,,,
TARDBP,g.8565G>C,295,p.Gly295Arg,80356723,1:11082349:C:G,G,C,YES,,,,,,
TARDBP,g.8565G>A,295,p.Gly295Ser,80356723,1:11082349:A:C,G,A,YES,,,,,,
TARDBP,g.8563G>C,294,p.Gly294Ala,80356721,1:11082347:C:G,G,C,YES,,,,,,
TARDBP,g.8482A>G,267,p.Asn267Ser,80356718,1:11082266:A:G,A,G,YES,,,,,,
TARDBP,g.8826G>C,382,p.Ala382Pro,367543041,1:11082610:C:G,G,C,YES,,,,,,
TARDBP,g.8826G>A,382,p.Ala382Thr,367543041,1:11082610:A:G,G,A,YES,,,,,,
TARDBP,g.8551G>C,290,p.Gly290Ala,121908395,1:11082335:C:G,G,C,YES,,,,,,
TARDBP,g.8574G>A,298,p.Gly298Ser,4884357,1:11082358:A:G,G,A,YES,,,,,,
TBK1,g.4C>T,2,p.Gln2X,NA,12:64849654:C:T,C,T,YES,,,,,,
TBK1,g.8595T>C,77,p.Thr77fs,NA,NA,T,C,YES,,,,,,
TBK1,g.8584C>T,117,p.Arg117X,NA,12:64858235:C:T,C,T,YES,,,,,,
TBK1,g.11139_11140delCA,156,p.Thr156fs,NA,NA,CA,,YES,,,,,,
TBK1,g.11173_11175delTGA,167,p.Asp167del,NA,NA,TGA,,YES,,,,,,
TBK1,g.18374T>A,185,p.Tyr185X,NA,NA,T,A,YES,,,,,,
TBK1,g.26117delA,320,p.Thr320fs,755950225,12:64875767:A:*,delA,,YES,,,,,,
TBK1,g.29587delT,398,p.Ser398fs,NA,NA,delT,,YES,,,,,,
TBK1,g.29594delC,399,p.Ile399fs,NA,NA,delC,,YES,,,,,,
TBK1,g.29594delC,400,p.Pro400fs,NA,NA,delC,,YES,,,,,,
TBK1,g.29596A>G,401,p.Lys401Glu,NA,NA,A,G,YES,,,,,,
TBK1,g.30148G>A,417,p.Ala417X,767898276,12:64879798:G:A,G,A,YES,,,,,,
TBK1,g.30125C>T,440,p.Arg440X,NA,12:64879775:C:T,C,T,YES,,,,,,
TBK1,g.32625_32628delTTAA,450,p.Ile450fs,NA,12:64882268:AATT:*,TTAA,,YES,,,,,,
TBK1,g.32712_32713delTG,479,p.Val479fs,NA,NA,TG,,YES,,,,,,
TBK1,g.34174T>G,482,p.Tyr482X,NA,12:64883824:T:G,T,G,YES,,,,,,
TBK1,g.39642_39642insTT,518,p.Ser518fs,NA,NA,_insTT,,YES,,,,,,
TBK1,g.41358_41360delAAG,643,p.Glu643del,NA,12:64891000:GAA:*,AAG,,YES,,,,,,
TBK1,g.41776A>G,654,p.Leu654fs,NA,NA,A,G,YES,,,,,,
TBK1,g.41781C>T,655,p.Gln655X,NA,NA,C,T,YES,,,,,,
TBK1,g.42117G>A,696,p.Glu696Lys,48112833,12:64891767:G:A,G,A,YES,,,,,,
TBK1,g.26152G>T,272_331,p.Gly272_Thr331del,NA,NA,G,T,YES,,,,,,
TBK1,g.42171T>C,690_713,p.Met690_Arg713del,NA,NA,T,C,YES,,,,,,
VCP,g.4438C>T,93,p.Arg93Cys,NA,9:35067913:G:A,C,T,YES,,,,,,
VCP,g.4444C>T,95,p.Arg95Cys,121909332,9:35067907:G:A,C,T,YES,,,,,,
VCP,g.5644C>T,137,p.Pro137Leu,NA,9:35066707:G:A,C,T,YES,,,,,,
VCP,g.6990C>A,155,p.Arg155Ser,NA,9:35065361:G:T,C,A,YES,,,,,,
VCP,g.6990C>T,155,p.Arg155Cys,NA,9:35065361:G:A,C,T,YES,,,,,,
VCP,g.6991G>T,155,p.Arg155Leu,NA,9:35065360:C:A,G,T,YES,,,,,,
VCP,g.6996G>C,157,p.Gly157Arg,NA,9:35065355:C:G,G,C,YES,,,,,,
VCP,g.7002C>T,159,p.Arg159Cys,387906789,9:35065349:G:A,C,T,YES,,,,,,
VCP,g.8085T>G,198,p.Leu198Trp,NA,9:35064266:A:C,T,G,YES,,,,,,
VCP,g.9349A>G,262,p.Thr262Ala,NA,9:35063002:T:C,A,G,YES,,,,,,
VCP,g.10742A>C,387,p.Asn387His,NA,9:35061609:T:G,A,C,YES,,,,,,
VCP,g.11295G>C,439,p.Ala439Pro,NA,9:35061056:C:G,G,C,YES,,,,,,
VCP,g.11295G>T,439,p.Ala439Ser,NA,9:35061056:C:A,G,T,YES,,,,,,
VCP,g.6991G>A,155,p.Arg155His,NA,9:35065360:C:T,G,A,YES,,,,,,
VCP,g.7003G>A,159,p.Arg159His,121909335,121909335,G,A,YES,,,,,,
VCP,g.7099G>A,191,p.Arg191Gln,121909334,121909334,G,A,YES,,,,,,
VCP,g.4444C>G,95,p.Arg95Gly,121909332,121909332,C,G,YES,,,,,,
VCP,g.8187C>A,232,p.Ala232Glu,121909331,121909331,C,A,YES,,,,,,
VCP,g.6991G>C,155,p.Arg155Pro,121909329,121909329,G,C,YES,,,,,,
